0.17996,1.29464
0.57991,0.97094
0.97985,0.64729
1.37980,0.32362
1.77974,0.00000
2.17969,-0.18348
2.57964,-0.13098
2.97958,-0.07846
3.37953,-0.02593
3.77947,0.02663
4.17942,-0.03095
4.57937,-0.02066
4.97931,-0.01032
5.37926,0.00000
5.77920,0.04613
6.17915,0.05247
6.57910,0.05880
6.97904,0.06516
7.37899,0.07155
7.77893,1.05447
8.17888,3.05206
8.57883,5.04967
8.97877,7.04730
9.37872,9.04494
9.77866,8.43481
10.17861,7.42344
10.57856,6.41209
10.97850,5.40074
11.37845,4.47889
11.77839,3.84286
12.17834,3.20687
12.57829,2.57088
12.97823,1.93493
13.37818,1.46387
13.77812,1.09542
14.17807,0.72697
14.57802,0.35854
14.97796,-0.01348
15.37791,-0.00680
15.77785,0.00000
16.17780,-0.00920
16.57775,-0.01839
16.97769,0.01958
17.37764,0.17234
17.77758,0.32512
18.17753,0.47792
18.57748,0.63074
18.97742,0.94102
19.37737,1.30362
19.77731,1.66624
20.17726,2.02888
20.57721,2.40973
20.97715,2.91550
21.37710,3.42127
21.77704,3.92707
22.17699,4.43291
22.57694,4.98651
22.97688,5.58611
23.37683,6.18573
23.77677,6.78535
24.17672,7.38502
24.57667,8.01366
24.97661,8.64580
25.37656,9.27798
25.77650,9.91018
26.17645,10.52272
26.57640,11.08276
26.97634,11.64282
27.37629,12.20290
27.77623,12.76299
28.17618,13.23573
28.57613,13.66298
28.97607,14.09023
29.37602,14.51752
29.77596,14.94280
30.17591,15.32431
30.57586,15.70583
30.97580,16.08739
31.37575,16.46894
31.77569,16.89125
32.17564,17.36741
32.57559,17.84358
32.97553,18.31979
33.37548,18.79603
33.77542,19.34023
34.17537,19.90002
34.57532,20.45982
34.97526,21.01966
35.37521,21.60039
35.77515,22.26336
36.17510,22.92636
36.57505,23.58935
36.97499,24.25238
37.37494,24.96400
37.77488,25.70905
38.17483,26.45412
38.57478,27.19922
38.97472,27.94431
39.37467,28.70700
39.77461,29.47009
40.17456,30.23318
40.57451,30.99633
40.97445,31.86777
41.37440,32.92405
41.77434,33.98036
42.17429,35.03669
42.57424,36.09303
42.97418,37.43781
43.37413,38.87271
43.77407,40.30762
44.17402,41.74252
44.57397,43.20882
44.97391,44.84544
45.37386,46.48209
45.77380,48.11874
46.17375,49.75543
46.57370,51.36121
46.97364,52.94176
47.37359,54.52230
47.77353,56.10286
48.17348,57.68346
48.57343,59.31071
48.97337,60.94099
49.37332,62.57124
49.77326,64.20155
50.17321,65.80867
50.57316,67.36994
50.97310,68.93124
51.37305,70.49258
51.77299,72.05391
52.17294,73.46236
52.57289,74.81520
52.97283,76.16804
53.37278,77.52092
53.77272,78.88609
54.17267,80.33241
54.57262,81.77879
54.97256,83.22517
55.37251,84.67157
55.77245,86.23016
56.17240,87.89043
56.57235,89.55073
56.97229,91.21101
57.37224,92.87135
57.77218,94.88074
58.17213,96.91857
58.57208,98.95647
58.97202,100.99439
59.37197,103.30473
59.77191,106.18035
60.17186,109.05605
60.57181,111.93171
60.97175,114.80740
61.37170,118.46508
61.77164,122.41666
62.17159,126.36822
62.57154,130.31982
62.97148,134.49100
63.37143,140.13843
63.77137,145.78586
64.17132,151.43335
64.57127,157.08087
64.97121,162.99211
65.37116,169.13461
65.77110,175.27713
66.17105,181.41968
66.57100,187.56219
66.97094,194.87247
67.37089,202.26096
67.77083,209.64946
68.17078,217.03793
68.57073,224.96249
68.97067,233.94110
69.37062,242.91966
69.77056,251.89832
70.17051,260.87698
70.57046,269.87183
70.97040,278.87231
71.37035,287.87274
71.77029,296.87326
72.17024,306.05396
72.57019,316.25281
72.97013,326.45166
73.37008,336.65054
73.77002,346.84946
74.16997,356.15430
74.56992,364.75174
74.96986,373.34921
75.36981,381.94662
75.76975,390.54419
76.16970,394.53339
76.56965,398.36600
76.96959,402.19873
77.36954,406.03137
77.76948,409.10110
78.16943,410.90878
78.56938,412.71643
78.96932,414.52417
79.36927,416.33197
79.76921,415.66809
80.16916,414.33789
80.56911,413.00766
80.96905,411.67740
81.36900,409.85812
81.76894,406.07001
82.16889,402.28186
82.56884,398.49380
82.96878,394.70575
83.36873,388.44348
83.76867,380.61017
84.16862,372.77698
84.56857,364.94376
84.96851,357.07764
85.36846,347.55811
85.76840,338.03870
86.16835,328.51929
86.56830,318.99988
86.96824,309.47809
87.36819,299.95325
87.76813,290.42841
88.16808,280.90363
88.56803,271.37878
88.96797,261.94925
89.36792,252.53658
89.76786,243.12393
90.16781,233.71133
90.56776,225.23349
90.96770,219.34932
91.36765,213.46518
91.76759,207.58109
92.16754,201.69699
92.56749,196.26671
92.96743,191.04807
93.36738,185.82941
93.76732,180.61078
94.16727,175.51030
94.56722,171.47693
94.96716,167.44351
95.36711,163.41016
95.76705,159.37685
96.16700,155.64771
96.56695,152.20102
96.96689,148.75439
97.36684,145.30775
97.76678,141.86118
98.16673,139.11897
98.56668,136.42322
98.96662,133.72749
99.36657,131.03177
99.76651,128.43182
100.16646,126.00312
100.56641,123.57447
100.96635,121.14583
101.36630,118.71722
101.76624,116.37315
102.16619,114.05282
102.56614,111.73251
102.96608,109.41225
103.36603,107.18311
103.76597,105.31258
104.16592,103.44211
104.56587,101.57165
104.96581,99.70123
105.36576,98.01087
105.76570,96.42883
106.16565,94.84681
106.56560,93.26479
106.96554,91.70065
107.36549,90.48343
107.76543,89.26624
108.16538,88.04907
108.56533,86.83193
108.96527,85.72336
109.36522,84.73443
109.76516,83.74550
110.16511,82.75657
110.56506,81.76770
110.96500,80.53623
111.36495,79.27789
111.76489,78.01958
112.16484,76.76128
112.56479,75.34389
112.96473,73.59901
113.36468,71.85417
113.76462,70.10935
114.16457,68.36455
114.56452,67.11205
114.96446,66.01811
115.36441,64.92417
115.76435,63.83026
116.16430,62.89993
116.56425,62.69838
116.96419,62.49686
117.36414,62.29538
117.76408,62.09388
118.16403,62.30936
118.56398,62.78289
118.96392,63.25647
119.36387,63.73003
119.76381,64.15512
120.16376,63.64959
120.56371,63.14404
120.96365,62.63853
121.36360,62.13303
121.76354,61.60386
122.16349,61.04919
122.56344,60.49454
122.96338,59.93989
123.36333,59.38528
123.76327,58.90131
124.16322,58.42404
124.56317,57.94680
124.96311,57.46960
125.36306,57.00552
125.76300,56.56631
126.16295,56.12711
126.56290,55.68797
126.96284,55.24882
127.36279,54.82147
127.76273,54.39748
128.16268,53.97350
128.56263,53.54955
128.96257,53.13382
129.36252,52.74819
129.76246,52.36263
130.16241,51.97706
130.56236,51.59149
130.96230,51.25619
131.36225,50.94785
131.76219,50.63952
132.16214,50.33121
132.56209,50.03898
132.96203,49.91359
133.36198,49.78822
133.76192,49.66287
134.16187,49.53756
134.56182,49.51678
134.96176,49.58891
135.36171,49.66106
135.76165,49.73322
136.16160,49.80541
136.56155,49.90213
136.96149,49.99966
137.36144,50.09720
137.76138,50.19477
138.16133,50.25868
138.56128,50.27389
138.96122,50.28912
139.36117,50.30434
139.76111,50.31961
140.16106,50.36500
140.56101,50.41580
140.96095,50.46661
141.36090,50.51746
141.76084,50.60041
142.16079,50.76207
142.56074,50.92379
142.96068,51.08553
143.36063,51.24725
143.76057,51.52165
144.16052,51.83739
144.56047,52.15312
144.96041,52.46889
145.36036,52.77951
145.76030,53.06551
146.16025,53.35154
146.56020,53.63759
146.96014,53.92365
147.36009,54.12509
147.76003,54.27529
148.15998,54.42549
148.55993,54.57569
148.95987,54.70703
149.35982,54.57566
149.75976,54.44427
150.15971,54.31297
150.55966,54.18164
150.95960,53.94311
151.35955,53.60326
151.75949,53.26344
152.15944,52.92360
152.55939,52.58382
152.95933,52.27956
153.35928,51.97681
153.75922,51.67412
154.15917,51.37144
154.55912,51.14577
154.95906,51.02964
155.35901,50.91353
155.75895,50.79743
156.15890,50.68135
156.55885,50.58930
156.95879,50.50117
157.35874,50.41306
157.75868,50.32496
158.15863,50.23650
158.55858,50.14712
158.95852,50.05780
159.35847,49.96850
159.75841,49.87918
160.15836,49.76153
160.55831,49.63484
160.95825,49.50819
161.35820,49.38152
161.75814,49.26283
162.15809,49.17389
162.55804,49.08497
162.95798,48.99606
163.35793,48.90717
163.75787,48.98412
164.15782,49.14381
164.55777,49.30350
164.95771,49.46320
165.35766,49.60999
165.75760,49.66106
166.15755,49.71213
166.55750,49.76324
166.95744,49.81435
167.35739,49.71180
167.75733,49.49498
168.15728,49.27818
168.55723,49.06141
168.95717,48.83971
169.35712,48.47308
169.75706,48.10648
170.15701,47.73988
170.55696,47.37334
170.95690,47.01228
171.35685,46.65697
171.75679,46.30169
172.15674,45.94644
172.55669,45.59118
172.95663,45.61060
173.35658,45.65218
173.75652,45.69376
174.15647,45.73537
174.55642,45.73643
174.95636,45.67695
175.35631,45.61749
175.75625,45.55805
176.15620,45.49864
176.55615,45.23737
176.95609,44.94475
177.35604,44.65215
177.75598,44.35954
178.15593,44.08717
178.55588,43.85674
178.95582,43.62630
179.35577,43.39591
179.75571,43.16551
180.15566,42.98885
180.55561,42.82701
180.95555,42.66520
181.35550,42.50337
181.75544,42.37904
182.15539,42.36633
182.55534,42.35366
182.95528,42.34100
183.35523,42.32835
183.75517,42.38489
184.15512,42.46958
184.55507,42.55432
184.95501,42.63908
185.35496,42.76015
185.75490,43.05254
186.15485,43.34497
186.55480,43.63738
186.95474,43.92984
187.35469,44.30968
187.75463,44.73828
188.15458,45.16692
188.55453,45.59557
188.95447,46.03580
189.35442,46.57361
189.75436,47.11141
190.15431,47.64926
190.55426,48.18710
190.95420,48.72788
191.35415,49.27086
191.75409,49.81385
192.15404,50.35686
192.55399,50.89382
192.95393,51.29437
193.35388,51.69492
193.75382,52.09552
194.15377,52.49610
194.55372,52.75523
194.95366,52.87809
195.35361,53.00095
195.75355,53.12383
196.15350,53.24675
196.55345,53.26630
196.95339,53.28416
197.35334,53.30206
197.75328,53.31996
198.15323,53.31622
198.55318,53.28612
198.95312,53.25603
199.35307,53.22595
199.75301,53.19590
200.15296,53.22517
200.55291,53.25907
200.95285,53.29301
201.35280,53.32694
201.75274,53.62971
202.15269,54.34096
202.55264,55.05221
202.95258,55.76347
203.35253,56.47475
203.75247,57.83913
204.15242,59.30210
204.55237,60.76509
204.95231,62.22811
205.35226,63.58365
205.75220,64.73563
206.15215,65.88766
206.55210,67.03971
206.95204,68.19179
207.35199,69.21163
207.75193,70.20201
208.15188,71.19239
208.55183,72.18282
208.95177,73.06562
209.35172,73.69365
209.75166,74.32174
210.15161,74.94981
210.55156,75.57793
210.95150,75.86031
211.35145,76.04023
211.75139,76.22018
212.15134,76.40014
212.55129,76.46938
212.95123,76.21207
213.35118,75.95475
213.75112,75.69748
214.15107,75.44022
214.55102,75.19409
214.95096,74.95213
215.35091,74.71016
215.75085,74.46821
216.15080,74.21948
216.55075,73.94540
216.95069,73.67133
217.35064,73.39729
217.75058,73.12328
218.15053,72.84356
218.55048,72.56134
218.95042,72.27914
219.35037,71.99693
219.75031,71.72451
220.15026,71.49796
220.55021,71.27142
220.95015,71.04488
221.35010,70.81837
221.75004,70.81160
222.14999,70.92048
222.54994,71.02939
222.94988,71.13831
223.34983,71.25146
223.74977,71.39016
224.14972,71.52887
224.54967,71.66757
224.94961,71.80631
225.34956,71.91022
225.74950,71.99316
226.14945,72.07607
226.54940,72.15902
226.94934,72.23602
227.34929,72.26513
227.74923,72.29427
228.14918,72.32342
228.54913,72.35258
228.94907,72.36254
229.34902,72.35945
229.74896,72.35636
230.14891,72.35330
230.54886,72.34664
230.94880,72.30084
231.34875,72.25509
231.74869,72.20935
232.14864,72.16361
232.54859,71.99052
232.94853,71.72097
233.34848,71.45145
233.74842,71.18194
234.14837,70.91264
234.54832,70.64606
234.94826,70.37949
235.34821,70.11295
235.74815,69.84643
236.14810,69.61002
236.54805,69.39799
236.94799,69.18596
237.34794,68.97396
237.74788,68.75943
238.14783,68.48690
238.54778,68.21437
238.94772,67.94187
239.34767,67.66940
239.74761,67.40472
240.14756,67.14673
240.54751,66.88879
240.94745,66.63083
241.34740,66.37244
241.74734,66.09653
242.14729,65.82063
242.54724,65.54475
242.94718,65.26888
243.34713,64.93600
243.74707,64.55050
244.14702,64.16505
244.54697,63.77961
244.94691,63.39384
245.34686,62.98118
245.74680,62.56854
246.14675,62.15591
246.54670,61.74330
246.94664,61.39797
247.34659,61.11686
247.74653,60.83575
248.14648,60.55470
248.54643,60.27580
248.94637,60.08070
249.34632,59.88707
249.74626,59.69343
250.14621,59.49982
250.54616,59.36848
250.94610,59.29871
251.34605,59.22894
251.74599,59.15919
252.14594,59.08959
252.54589,59.13965
252.94583,59.18954
253.34578,59.23947
253.74572,59.28941
254.14567,59.42329
254.54562,59.63975
254.94556,59.85620
255.34551,60.07267
255.74545,60.28891
256.14540,60.78597
256.54535,61.28244
256.94529,61.77894
257.34524,62.27548
257.74518,62.81411
258.14513,63.39439
258.54508,63.97467
258.94502,64.55495
259.34497,65.13077
259.74491,65.77247
260.14486,66.40927
260.54481,67.04607
260.94475,67.68291
261.34470,68.48376
261.74464,69.44421
262.14459,70.40472
262.54454,71.36522
262.94448,72.33338
263.34443,73.85124
263.74437,75.36913
264.14432,76.88705
264.54427,78.40498
264.94421,80.47420
265.34416,83.05621
265.74410,85.63821
266.14405,88.22027
266.54400,90.82210
266.94394,94.39303
267.34389,97.96400
267.74383,101.53497
268.14378,105.10596
268.54373,109.03547
268.94367,113.28369
269.34362,117.53191
269.74356,121.78017
270.14351,126.06114
270.54346,131.15207
270.94340,136.24304
271.34335,141.33405
271.74329,146.42502
272.14324,151.92764
272.54319,157.76950
272.94313,163.61139
273.34308,169.45332
273.74302,175.33139
274.14297,181.86209
274.54292,188.39279
274.94286,194.92345
275.34281,201.45419
275.74275,207.01401
276.14270,211.82462
276.54265,216.63527
276.94259,221.44595
277.34254,225.85593
277.74248,225.41766
278.14243,224.97942
278.54238,224.54117
278.94232,224.10294
279.34227,220.76089
279.74221,215.40715
280.14216,210.05344
280.54211,204.69968
280.94205,198.82820
281.34200,188.30386
281.74194,177.77951
282.14189,167.25519
282.54184,156.73090
282.94178,148.42477
283.34173,141.51003
283.74167,134.59528
284.14162,127.68054
284.54157,120.88299
284.94151,114.85965
285.34146,108.83633
285.74140,102.81300
286.14135,96.78974
286.54129,92.29970
286.94124,88.64137
287.34119,84.98306
287.74113,81.32478
288.14108,77.72983
288.54102,74.46677
288.94097,71.20377
289.34092,67.94079
289.74086,64.67780
290.14081,62.09246
290.54075,59.83028
290.94070,57.56809
291.34065,55.30594
291.74059,53.22672
292.14054,51.89545
292.54048,50.56421
292.94043,49.23299
293.34038,47.90178
293.74032,46.93177
294.14027,46.10335
294.54021,45.27494
294.94016,44.44655
295.34011,43.67298
295.74005,43.07503
296.14000,42.47707
296.53994,41.87914
296.93989,41.28124
297.33984,40.65656
297.73978,40.02341
298.13973,39.39030
298.53967,38.75718
298.93962,38.13275
299.33957,37.53077
299.73951,36.92878
300.13946,36.32682
300.53940,35.72489
300.93935,35.24471
301.33930,34.79434
301.73924,34.34399
302.13919,33.89365
302.53913,33.53476
302.93908,33.36327
303.33903,33.19180
303.73897,33.02033
304.13892,32.84890
304.53886,32.79745
304.93881,32.76680
305.33876,32.73618
305.73870,32.70560
306.13865,32.73589
306.53859,32.86588
306.93854,32.99591
307.33849,33.12593
307.73843,33.25599
308.13838,33.24821
308.53832,33.22614
308.93827,33.20411
309.33822,33.18209
309.73816,33.10033
310.13811,32.94033
310.53805,32.78036
310.93800,32.62041
311.33795,32.46046
311.73789,32.30756
312.13784,32.15493
312.53778,32.00233
312.93773,31.84975
313.33768,31.59837
313.73762,31.24281
314.13757,30.88728
314.53751,30.53177
314.93746,30.17781
315.33741,29.90528
315.73735,29.63277
316.13730,29.36026
316.53724,29.08779
316.93719,28.51142
317.33714,27.68697
317.73708,26.86252
318.13703,26.03810
318.53697,25.26533
318.93692,25.06713
319.33687,24.86896
319.73681,24.67081
320.13676,24.47267
320.53670,24.55460
320.93665,24.81233
321.33660,25.07010
321.73654,25.32787
322.13649,25.56712
322.53643,25.70024
322.93638,25.83339
323.33633,25.96655
323.73627,26.09975
324.13622,26.06903
324.53616,25.96230
324.93611,25.85561
325.33606,25.74890
325.73600,25.64096
326.13595,25.52843
326.53589,25.41593
326.93584,25.30345
327.33579,25.19100
327.73573,25.15214
328.13568,25.13694
328.53562,25.12177
328.93557,25.10658
329.33552,25.13553
329.73546,25.27046
330.13541,25.40540
330.53535,25.54037
330.93530,25.67535
331.33525,25.93068
331.73519,26.21008
332.13514,26.48952
332.53508,26.76898
332.93503,27.13599
333.33498,27.65038
333.73492,28.16480
334.13487,28.67922
334.53481,29.19368
334.93476,29.30745
335.33471,29.38255
335.73465,29.45770
336.13460,29.53287
336.53454,29.55296
336.93449,29.50684
337.33444,29.46072
337.73438,29.41463
338.13433,29.36845
338.53427,29.21485
338.93422,29.06073
339.33417,28.90660
339.73411,28.75251
340.13406,28.33736
340.53400,27.69773
340.93395,27.05815
341.33390,26.41859
341.73384,25.81187
342.13379,25.57221
342.53373,25.33259
342.93368,25.09297
343.33363,24.85339
343.73357,24.70491
344.13352,24.61076
344.53346,24.51662
344.93341,24.42252
345.33336,24.36603
345.73330,24.49181
346.13325,24.61761
346.53319,24.74344
346.93314,24.86927
347.33309,25.13879
347.73303,25.46481
348.13298,25.79082
348.53292,26.11687
348.93287,26.48318
349.33282,26.96131
349.73276,27.43948
350.13271,27.91766
350.53265,28.39585
350.93260,29.25422
351.33255,30.20085
351.73249,31.14751
352.13244,32.09417
352.53238,33.13356
352.93233,34.33706
353.33228,35.54055
353.73222,36.74408
354.13217,37.94763
354.53211,39.62825
354.93206,41.35300
355.33201,43.07776
355.73195,44.80251
356.13190,46.81464
356.53184,49.15427
356.93179,51.49393
357.33174,53.83360
357.73168,56.17258
358.13163,58.46859
358.53157,60.76463
358.93152,63.06071
359.33147,65.35681
359.73141,66.93198
360.13136,67.96584
360.53130,68.99968
360.93125,70.03356
361.33120,70.93503
361.73114,70.89254
362.13109,70.85002
362.53103,70.80755
362.93098,70.76509
363.33093,69.92434
363.73087,68.70346
364.13082,67.48260
364.53076,66.26173
364.93071,64.30293
365.33066,59.89853
365.73060,55.49415
366.13055,51.08975
366.53049,46.68542
366.93044,44.27480
367.33039,42.40631
367.73033,40.53786
368.13028,38.66946
368.53022,36.90375
368.93017,35.33044
369.33012,33.75713
369.73006,32.18385
370.13001,30.61060
370.52995,29.49409
370.92990,28.42413
371.32985,27.35419
371.72979,26.28429
372.12974,25.32405
372.52968,24.49034
372.92963,23.65665
373.32958,22.82298
373.72952,22.00624
374.12947,21.88329
374.52941,21.76037
374.92936,21.63745
375.32931,21.51456
375.72925,21.07877
376.12920,20.41937
376.52914,19.75999
376.92909,19.10065
377.32904,18.47996
377.72898,18.07819
378.12893,17.67646
378.52887,17.27473
378.92882,16.87304
379.32877,16.43038
379.72871,15.97114
380.12866,15.51192
380.52860,15.05273
380.92855,14.65968
381.32850,14.44193
381.72844,14.22421
382.12839,14.00650
382.52833,13.78879
382.92828,13.69086
383.32823,13.61648
383.72817,13.54208
384.12812,13.46773
384.52806,13.44630
384.92801,13.50420
385.32796,13.56212
385.72790,13.62006
386.12785,13.67801
386.52779,13.73763
386.92774,13.79729
387.32769,13.85699
387.72763,13.91667
388.12758,13.93884
388.52752,13.92854
388.92747,13.91825
389.32742,13.90800
389.72736,13.89730
390.12731,13.88260
390.52725,13.86795
390.92720,13.85330
391.32715,13.83867
391.72709,13.81071
392.12704,13.77628
392.52698,13.74185
392.92693,13.70746
393.32688,13.67408
393.72682,13.64373
394.12677,13.61342
394.52671,13.58312
394.92666,13.55285
395.32661,13.49008
395.72655,13.41994
396.12650,13.34983
396.52644,13.27971
396.92639,13.23026
397.32634,13.21364
397.72628,13.19704
398.12623,13.18046
398.52617,13.16391
398.92612,13.17499
399.32607,13.18724
399.72601,13.19952
400.12596,13.21179
400.52590,13.22900
400.92585,13.25052
401.32580,13.27206
401.72574,13.29361
402.12569,13.32254
402.52563,13.41307
402.92558,13.50359
403.32553,13.59415
403.72547,13.68473
404.12542,13.77797
404.52536,13.87251
404.92531,13.96706
405.32526,14.06162
405.72520,14.16445
406.12515,14.29097
406.52509,14.41749
406.92504,14.54404
407.32499,14.67062
407.72493,14.82404
408.12488,14.98283
408.52482,15.14161
408.92477,15.30042
409.32472,15.48961
409.72466,15.72265
410.12461,15.95569
410.52455,16.18874
410.92450,16.42406
411.32445,16.41935
411.72439,16.41481
412.12434,16.41029
412.52428,16.40578
412.92423,16.29162
413.32418,16.09496
413.72412,15.89833
414.12407,15.70171
414.52401,15.52988
414.92396,15.49316
415.32391,15.45645
415.72385,15.41973
416.12380,15.38306
416.52374,15.24188
416.92369,15.06293
417.32364,14.88403
417.72358,14.70513
418.12353,14.58441
418.52347,14.59085
418.92342,14.59730
419.32337,14.60377
419.72331,14.61027
420.12326,14.76591
420.52320,14.93799
420.92315,15.11011
421.32310,15.28224
421.72304,15.45189
422.12299,15.61893
422.52293,15.78598
422.92288,15.95306
423.32283,16.09988
423.72277,15.95319
424.12272,15.80654
424.52266,15.65987
424.92261,15.51325
425.32256,15.45306
425.72250,15.43856
426.12245,15.42410
426.52239,15.40967
426.92234,15.36794
427.32229,15.23906
427.72223,15.11018
428.12218,14.98132
428.52212,14.85250
428.92207,14.83926
429.32202,14.84965
429.72196,14.86006
430.12191,14.87048
430.52185,14.87686
430.92180,14.87757
431.32175,14.87829
431.72169,14.87904
432.12164,14.87962
432.52158,14.77089
432.92153,14.66299
433.32148,14.55510
433.72142,14.44724
434.12137,14.27170
434.52131,14.05026
434.92126,13.82887
435.32121,13.60750
435.72115,13.38736
436.12110,13.17255
436.52104,12.95776
436.92099,12.74299
437.32094,12.52823
437.72088,12.37105
438.12083,12.23013
438.52077,12.08922
438.92072,11.94832
439.32067,11.72035
439.72061,11.34824
440.12056,10.97617
440.52050,10.60410
440.92045,10.23204
441.32040,9.92445
441.72034,9.61916
442.12029,9.31384
442.52023,9.00858
442.92018,8.85722
443.32013,8.82655
443.72007,8.79587
444.12002,8.76523
444.51996,8.76306
444.91991,8.91316
445.31986,9.06331
445.71980,9.21346
446.11975,9.36362
446.51969,9.62023
446.91964,9.91104
447.31959,10.20187
447.71953,10.49274
448.11948,10.72713
448.51942,10.85719
448.91937,10.98729
449.31932,11.11740
449.71926,11.24753
450.11921,11.45065
450.51915,11.65738
450.91910,11.86413
451.31905,12.07086
451.71899,12.09077
452.11894,11.95781
452.51888,11.82487
452.91883,11.69195
453.31878,11.55437
453.71872,11.39069
454.11867,11.22703
454.51861,11.06338
454.91856,10.89976
455.31851,10.70118
455.71845,10.49089
456.11840,10.28061
456.51834,10.07036
456.91829,9.90139
457.31824,9.80796
457.71818,9.71456
458.11813,9.62118
458.51807,9.52781
458.91802,9.28642
459.31797,9.03770
459.71791,8.78900
460.11786,8.54031
460.51780,8.40890
460.91775,8.36975
461.31770,8.33064
461.71764,8.29155
462.11759,8.29125
462.51753,8.49235
462.91748,8.69346
463.31743,8.89458
463.71737,9.09573
464.11732,9.31840
464.51726,9.54757
464.91721,9.77675
465.31716,10.00596
465.71710,10.23608
466.11705,10.46766
466.51699,10.69929
466.91694,10.93092
467.31689,11.16257
467.71683,11.32957
468.11678,11.49524
468.51672,11.66093
468.91667,11.82664
469.31662,11.77955
469.71656,11.58557
470.11651,11.39163
470.51645,11.19769
470.91640,10.99475
471.31635,10.75589
471.71629,10.51704
472.11624,10.27822
472.51618,10.03942
472.91613,9.77098
473.31608,9.49552
473.71602,9.22009
474.11597,8.94466
474.51591,8.81568
474.91586,8.88906
475.31581,8.96246
475.71575,9.03587
476.11570,9.10989
476.51564,9.20354
476.91559,9.29720
477.31554,9.39088
477.71548,9.48457
478.11543,9.62451
478.51537,9.79005
478.91532,9.95561
479.31527,10.12119
479.71521,10.27806
480.11516,10.40985
480.51510,10.54166
480.91505,10.67347
481.31500,10.80531
481.71494,10.85767
482.11489,10.89813
482.51483,10.93861
482.91478,10.97913
483.31473,10.93482
483.71467,10.80110
484.11462,10.66740
484.51456,10.53372
484.91451,10.38965
485.31446,10.15556
485.71440,9.92151
486.11435,9.68748
486.51429,9.45345
486.91424,9.38382
487.31419,9.37714
487.71413,9.37045
488.11408,9.36381
488.51402,9.42937
488.91397,9.63667
489.31392,9.84399
489.71386,10.05130
490.11381,10.25865
490.51375,10.43472
490.91370,10.60938
491.31365,10.78407
491.71359,10.95878
492.11354,11.11893
492.51348,11.26849
492.91343,11.41808
493.31338,11.56767
493.71332,11.71144
494.11327,11.83081
494.51321,11.95021
494.91316,12.06961
495.31311,12.18903
495.71305,12.30037
496.11300,12.40991
496.51294,12.51948
496.91289,12.62907
497.31284,12.58016
497.71278,12.32927
498.11273,12.07839
498.51267,11.82753
498.91262,11.55484
499.31257,10.96286
499.71251,10.37090
500.11246,9.77897
500.51240,9.18704
500.91235,8.82674
501.31230,8.57250
501.71224,8.31828
502.11219,8.06407
502.51213,7.84325
502.91208,7.69659
503.31203,7.54993
503.71197,7.40331
504.11192,7.25668
504.51186,7.76223
504.91181,8.31140
505.31176,8.86061
505.71170,9.40982
506.11165,9.80854
506.51159,10.09216
506.91154,10.37582
507.31149,10.65948
507.71143,10.89191
508.11138,10.91076
508.51132,10.92964
508.91127,10.94855
509.31122,10.96747
509.71116,11.01741
510.11111,11.07425
510.51105,11.13111
510.91100,11.18800
511.31095,11.26234
511.71089,11.35825
512.11084,11.45417
512.51078,11.55010
512.91073,11.64903
513.31068,11.78239
513.71062,11.91578
514.11057,12.04918
514.51051,12.18260
514.91046,12.32470
515.31041,12.47035
515.71035,12.61600
516.11030,12.76170
516.51024,12.87898
516.91019,12.94194
517.31014,13.00491
517.71008,13.06789
518.11003,13.13091
518.50997,12.96922
518.90992,12.80239
519.30987,12.63559
519.70981,12.46881
520.10976,12.27460
520.50970,12.06268
520.90965,11.85077
521.30960,11.63886
521.70954,11.52985
522.10949,11.74406
522.50943,11.95830
522.90938,12.17255
523.30933,12.38683
523.70927,12.97466
524.10922,13.61428
524.50916,14.25389
524.90911,14.89355
525.30906,15.73315
525.70900,16.76095
526.10895,17.78874
526.50889,18.81657
526.90884,19.92466
527.30879,21.47997
527.70873,23.03529
528.10868,24.59064
528.50862,26.14601
528.90857,27.62268
529.30852,29.07866
529.70846,30.53465
530.10841,31.99065
530.50835,33.38295
530.90830,34.69109
531.30825,35.99928
531.70819,37.30746
532.10814,38.54252
532.50808,38.81087
532.90803,39.07925
533.30798,39.34764
533.70792,39.61604
534.10787,38.90388
534.50781,37.79561
534.90776,36.68737
535.30771,35.57915
535.70765,34.54252
536.10760,33.63936
536.50754,32.73621
536.90749,31.83309
537.30744,30.92206
537.70738,29.84940
538.10733,28.76722
538.50727,27.68506
538.90722,26.60293
539.30717,25.41411
539.70711,24.16411
540.10706,22.91415
540.50700,21.66418
540.90695,20.48618
541.30690,19.49330
541.70684,18.50044
542.10679,17.50762
542.50673,16.51481
542.90668,15.66872
543.30663,14.83467
543.70657,14.00065
544.10652,13.16664
544.50646,12.55348
544.90641,12.10611
545.30636,11.65876
545.70630,11.21142
546.10625,10.86309
546.50619,10.86958
546.90614,10.87611
547.30609,10.88264
547.70603,10.88919
548.10598,11.01948
548.50592,11.16907
548.90587,11.31867
549.30582,11.46830
549.70576,11.50027
550.10571,11.42117
550.50565,11.34206
550.90560,11.26302
551.30555,11.16521
551.70549,10.97179
552.10544,10.77838
552.50538,10.58500
552.90533,10.39163
553.30528,10.20745
553.70522,10.02540
554.10517,9.84338
554.50511,9.66136
554.90506,9.51841
555.30501,9.42037
555.70495,9.32233
556.10490,9.22432
556.50484,9.13818
556.90479,9.14132
557.30474,9.14450
557.70468,9.14768
558.10463,9.15089
558.50457,9.29978
558.90452,9.49245
559.30447,9.68514
559.70441,9.87784
560.10436,10.03568
560.50430,10.14555
560.90425,10.25545
561.30420,10.36536
561.70414,10.46144
562.10409,10.38761
562.50403,10.31380
562.90398,10.23999
563.30393,10.16621
563.70387,10.02276
564.10382,9.85448
564.50376,9.68622
564.90371,9.51799
565.30366,9.37769
565.70360,9.28081
566.10355,9.18392
566.50349,9.08707
566.90344,8.99925
567.30339,9.08779
567.70333,9.17635
568.10328,9.26495
568.50322,9.35356
568.90317,9.67702
569.30312,10.09735
569.70306,10.51770
570.10301,10.93807
570.50295,11.50374
570.90290,12.32225
571.30285,13.14078
571.70279,13.95933
572.10274,14.80461
572.50268,16.72056
572.90263,18.63652
573.30258,20.55251
573.70252,22.46851
574.10247,24.85265
574.50241,27.45333
574.90236,30.05403
575.30231,32.65475
575.70225,35.45454
576.10220,38.63110
576.50214,41.80769
576.90209,44.98428
577.30204,48.13670
577.70198,51.20808
578.10193,54.25625
578.50187,57.30444
578.90182,60.35265
579.30177,62.12125
579.70171,63.25820
580.10166,64.39517
580.50160,65.53214
580.90155,65.70195
581.30150,63.98521
581.70144,62.26847
582.10139,60.55178
582.50133,58.84077
582.90128,56.23649
583.30123,53.64083
583.70117,51.04521
584.10112,48.44960
584.50106,46.03222
584.90101,43.70356
585.30096,41.37491
585.70090,39.04628
586.10085,36.79396
586.50079,34.69330
586.90074,32.59268
587.30069,30.49208
587.70063,28.39479
588.10058,26.57326
588.50052,24.75461
588.90047,22.93597
589.30042,21.11736
589.70036,19.68223
590.10031,18.43726
590.50025,17.19234
590.90020,15.94742
591.30015,14.92337
591.70009,14.32729
592.10004,13.73124
592.49998,13.13519
592.89993,12.54491
593.29988,12.22407
593.69982,11.90625
594.09977,11.58844
594.49971,11.27066
594.89966,10.94585
595.29961,10.61772
595.69955,10.28962
596.09950,9.96156
596.49944,9.67859
596.89939,9.47895
597.29934,9.27935
597.69928,9.07975
598.09923,8.88914
598.49917,9.00882
598.89912,9.12851
599.29907,9.24823
599.69901,9.36795
600.09896,9.41553
600.49890,9.43224
600.89885,9.44894
601.29880,9.46568
601.69874,9.41875
602.09869,9.26546
602.49863,9.11220
602.89858,8.95894
603.29853,8.80721
603.69847,8.68472
604.09842,8.56226
604.49836,8.43982
604.89831,8.31739
605.29826,8.13395
605.69820,7.92777
606.09815,7.72158
606.49809,7.51542
606.89804,7.31469
607.29799,7.12191
607.69793,6.92915
608.09788,6.73640
608.49782,6.54803
608.89777,6.41018
609.29772,6.27234
609.69766,6.13452
610.09761,5.99673
610.49755,5.85371
610.89750,5.70905
611.29745,5.56439
611.69739,5.41977
612.09734,5.30898
612.49728,5.24111
612.89723,5.17324
613.29718,5.10542
613.69712,5.02969
614.09707,4.89624
614.49701,4.76283
614.89696,4.62943
615.29691,4.49605
615.69685,4.32269
616.09680,4.13931
616.49674,3.95597
616.89669,3.77264
617.29664,3.60062
617.69658,3.44051
618.09653,3.28042
618.49647,3.12035
618.89642,2.97835
619.29637,2.92550
619.69631,2.87266
620.09626,2.81984
620.49620,2.76704
620.89615,2.87191
621.29610,3.00451
621.69604,3.13714
622.09599,3.26977
622.49593,3.42736
622.89588,3.60645
623.29583,3.78553
623.69577,3.96464
624.09572,4.14495
624.49566,4.32936
624.89561,4.51381
625.29556,4.69825
625.69550,4.88272
626.09545,5.04626
626.49539,5.20763
626.89534,5.36903
627.29529,5.53044
627.69523,5.68814
628.09518,5.84335
628.49512,5.99857
628.89507,6.15381
629.29502,6.26232
629.69496,6.25359
630.09491,6.24488
630.49485,6.23619
630.89480,6.22753
631.29475,6.15571
631.69469,6.08245
632.09464,6.00919
632.49458,5.93595
632.89453,5.84901
633.29448,5.75511
633.69442,5.66125
634.09437,5.56741
634.49431,5.46618
634.89426,5.35142
635.29421,5.23668
635.69415,5.12196
636.09410,5.00240
636.49404,4.78603
636.89399,4.56970
637.29394,4.35337
637.69388,4.13706
638.09383,4.03724
638.49377,3.97840
638.89372,3.91960
639.29367,3.86081
639.69361,3.83159
640.09356,3.84093
640.49350,3.85027
640.89345,3.85964
641.29340,3.87417
641.69334,3.92364
642.09329,3.97314
642.49323,4.02267
642.89318,4.07220
643.29313,4.13657
643.69307,4.20420
644.09302,4.27184
644.49296,4.33952
644.89291,4.39656
645.29286,4.44381
645.69280,4.49108
646.09275,4.53836
646.49269,4.59216
646.89264,4.66983
647.29259,4.74751
647.69253,4.82521
648.09248,4.90294
648.49242,4.98272
648.89237,5.06274
649.29232,5.14277
649.69226,5.22282
650.09221,5.30902
650.49215,5.39913
650.89210,5.48928
651.29205,5.57944
651.69199,5.67067
652.09194,5.76424
652.49188,5.85784
652.89183,5.95144
653.29178,6.04412
653.69172,6.16103
654.09167,6.27681
654.49161,6.39260
654.89156,6.50842
655.29151,6.63572
655.69145,6.76764
656.09140,6.89956
656.49134,7.03151
656.89129,7.15638
657.29124,7.27117
657.69118,7.38597
658.09113,7.50079
658.49107,7.58596
658.89102,7.45388
659.29097,7.32181
659.69091,7.18977
660.09086,7.05773
660.49080,6.68223
660.89075,6.25315
661.29070,5.82409
661.69064,5.39505
662.09059,5.01424
662.49053,4.67680
662.89048,4.33937
663.29043,4.00198
663.69037,3.72374
664.09032,3.63703
664.49026,3.55035
664.89021,3.46369
665.29016,3.37705
665.69010,3.47229
666.09005,3.57960
666.48999,3.68693
666.88994,3.79427
667.28989,3.95623
667.68983,4.14797
668.08978,4.33973
668.48972,4.53149
668.88967,4.67461
669.28962,4.72900
669.68956,4.78342
670.08951,4.83784
670.48945,4.91650
670.88940,5.35136
671.28935,5.78624
671.68929,6.22113
672.08924,6.65605
672.48918,7.02461
672.88913,7.37341
673.28908,7.72223
673.68902,8.07109
674.08897,8.33941
674.48891,8.52225
674.88886,8.70508
675.28881,8.88794
675.68875,9.03748
676.08870,9.05106
676.48864,9.06466
676.88859,9.07828
677.28854,9.09192
677.68848,8.95314
678.08843,8.79862
678.48837,8.64412
678.88832,8.48965
679.28827,8.22713
679.68821,7.89862
680.08816,7.57013
680.48810,7.24166
680.88805,6.85181
681.28800,6.34160
681.68794,5.83140
682.08789,5.32124
682.48783,4.80818
682.88778,4.23970
683.28773,3.67126
683.68767,3.10283
684.08762,2.53442
684.48756,2.35535
684.88751,2.29489
685.28746,2.23446
685.68740,2.17403
686.08735,2.26482
686.48729,2.51880
686.88724,2.77280
687.28719,3.02680
687.68713,3.29818
688.08708,3.63876
688.48702,3.97937
688.88697,4.31999
689.28692,4.66062
689.68686,4.97056
690.08681,5.27783
690.48675,5.58512
690.88670,5.89244
691.28665,6.14748
691.68659,6.37304
692.08654,6.59864
692.48648,6.82424
692.88643,7.01688
693.28638,7.14988
693.68632,7.28291
694.08627,7.41595
694.48621,7.54432
694.88616,7.61905
695.28611,7.69379
695.68605,7.76856
696.08600,7.84335
696.48594,7.82609
696.88589,7.78619
697.28584,7.74631
697.68578,7.70644
698.08573,7.66106
698.48567,7.61065
698.88562,7.56025
699.28557,7.50988
699.68551,7.46513
700.08546,7.43753
700.48540,7.40996
700.88535,7.38241
701.28530,7.35486
701.68524,7.39172
702.08519,7.43034
702.48513,7.46900
702.88508,7.50767
703.28503,7.54657
703.68497,7.58559
704.08492,7.62463
704.48486,7.66367
704.88481,7.67127
705.28476,7.63578
705.68470,7.60031
706.08465,7.56487
706.48459,7.51748
706.88454,7.40192
707.28449,7.28638
707.68443,7.17086
708.08438,7.05536
708.48432,6.93663
708.88427,6.81746
709.28422,6.69832
709.68416,6.57919
710.08411,6.30828
710.48405,5.93944
710.88400,5.57061
711.28395,5.20182
711.68389,4.78432
712.08384,4.26895
712.48378,3.75360
712.88373,3.23827
713.28368,2.75188
713.68362,2.68695
714.08357,2.62204
714.48351,2.55716
714.88346,2.49229
715.28341,2.67003
715.68335,2.90994
716.08330,3.14985
716.48324,3.38978
716.88319,3.75539
717.28314,4.23333
717.68308,4.71127
718.08303,5.18923
718.48297,5.63962
718.88292,6.01248
719.28287,6.38536
719.68281,6.75826
720.08276,7.13235
720.48270,7.28513
720.88265,7.43843
721.28260,7.59174
721.68254,7.74507
722.08249,7.76962
722.48243,7.74627
722.88238,7.72293
723.28233,7.69964
723.68227,7.64792
724.08222,7.56332
724.48216,7.47874
724.88211,7.39418
725.28206,7.29711
725.68200,7.15004
726.08195,7.00298
726.48189,6.85595
726.88184,6.70893
727.28179,6.54079
727.68173,6.37130
728.08168,6.20183
728.48162,6.03239
728.88157,5.84114
729.28152,5.63947
729.68146,5.43784
730.08141,5.23621
730.48135,5.01424
730.88130,4.76369
731.28125,4.51316
731.68119,4.26266
732.08114,4.00919
732.48108,3.73983
732.88103,3.47049
733.28098,3.20117
733.68092,2.93187
734.08087,2.69571
734.48081,2.46355
734.88076,2.23141
735.28071,1.99930
735.68065,1.83158
736.08060,1.70105
736.48054,1.57051
736.88049,1.43999
737.28044,1.36908
737.68038,1.39697
738.08033,1.42490
738.48027,1.45284
738.88022,1.50864
739.28017,1.76752
739.68011,2.02641
740.08006,2.28532
740.48000,2.54425
740.87995,2.92146
741.27990,3.31715
741.67984,3.71285
742.07979,4.10857
742.47973,4.48762
742.87968,4.85598
743.27963,5.22436
743.67957,5.59277
744.07952,5.90560
744.47946,6.11694
744.87941,6.32829
745.27936,6.53967
745.67930,6.71113
746.07925,6.52627
746.47919,6.34143
746.87914,6.15662
747.27909,5.97182
747.67903,5.63091
748.07898,5.26252
748.47892,4.89413
748.87887,4.52578
749.27882,4.13579
749.67876,3.73123
750.07871,3.32669
750.47865,2.92217
750.87860,2.52200
751.27855,2.13001
751.67849,1.73804
752.07844,1.34610
752.47838,0.96799
752.87833,0.72023
753.27828,0.47248
753.67822,0.22475
754.07817,-0.02297
754.47811,0.00000
754.87806,0.06223
755.27801,0.12448
755.67795,0.18676
756.07790,0.30959
756.47784,0.47327
756.87779,0.63697
757.27774,0.80068
757.67768,0.96296
758.07763,1.12256
758.47757,1.28216
758.87752,1.44180
759.27747,1.60051
759.67741,1.75124
760.07736,1.90197
760.47730,2.05273
760.87725,2.20351
761.27720,2.31763
761.67714,2.42573
762.07709,2.53384
762.47703,2.64196
762.87698,2.72404
763.27693,2.78964
763.67687,2.85526
764.07682,2.92090
764.47676,2.97848
764.87671,3.02214
765.27666,3.06583
765.67660,3.10953
766.07655,3.15270
766.47649,3.19196
766.87644,3.23124
767.27639,3.27055
767.67633,3.30987
768.07628,3.39465
768.47622,3.48560
768.87617,3.57656
769.27612,3.66755
769.67606,3.78524
770.07601,3.91808
770.47595,4.05096
770.87590,4.18385
771.27585,4.36932
771.67579,4.63461
772.07574,4.89991
772.47568,5.16524
772.87563,5.41246
773.27558,5.56561
773.67552,5.71877
774.07547,5.87194
774.47541,6.02514
774.87536,5.82913
775.27531,5.60318
775.67525,5.37726
776.07520,5.15136
776.47514,5.02195
776.87509,4.93736
777.27504,4.85279
777.67498,4.76822
778.07493,4.74852
778.47487,4.80975
778.87482,4.87099
779.27477,4.93227
779.67471,5.01337
780.07466,5.17050
780.47460,5.32765
780.87455,5.48481
781.27450,5.64199
781.67444,5.85196
782.07439,6.06366
782.47433,6.27538
782.87428,6.48711
783.27423,6.70586
783.67417,6.92715
784.07412,7.14847
784.47406,7.36982
784.87401,7.58175
785.27396,7.78438
785.67390,7.98703
786.07385,8.18969
786.47379,8.39655
786.87374,8.61475
787.27369,8.83297
787.67363,9.05121
788.07358,9.26784
788.47352,9.44151
788.87347,9.61521
789.27342,9.78892
789.67336,9.96265
790.07331,9.94456
790.47325,9.87952
790.87320,9.81450
791.27315,9.74949
791.67309,9.65229
792.07304,9.53086
792.47298,9.40943
792.87293,9.28803
793.27288,9.30629
793.67282,9.59596
794.07277,9.88564
794.47271,10.17535
794.87266,10.45910
795.27261,10.69642
795.67255,10.93376
796.07250,11.17112
796.47244,11.40850
796.87239,11.71822
797.27234,12.03725
797.67228,12.35632
798.07223,12.67539
798.47217,12.97804
798.87212,13.27215
799.27207,13.56628
799.67201,13.86045
800.07196,14.13256
800.47190,14.37546
800.87185,14.61840
801.27180,14.86134
801.67174,15.10556
802.07169,15.35451
802.47163,15.60349
802.87158,15.85249
803.27153,16.10152
803.67147,16.29841
804.07142,16.49435
804.47136,16.69030
804.87131,16.88628
805.27126,16.85355
805.67120,16.74691
806.07115,16.64031
806.47109,16.53373
806.87104,16.26869
807.27099,15.86325
807.67093,15.45784
808.07088,15.05243
808.47082,14.70924
808.87077,14.50305
809.27072,14.29690
809.67066,14.09077
810.07061,13.93813
810.47055,14.33281
810.87050,14.72751
811.27045,15.12222
811.67039,15.51695
812.07034,15.81948
812.47028,16.10778
812.87023,16.39609
813.27018,16.68443
813.67012,16.78682
814.07007,16.78924
814.47001,16.79168
814.86996,16.79416
815.26991,16.88672
815.66985,17.10007
816.06980,17.31341
816.46974,17.52676
816.86969,17.78590
817.26964,18.21791
817.66958,18.64995
818.06953,19.08201
818.46947,19.51687
818.86942,20.23686
819.26937,20.96149
819.66931,21.68613
820.06926,22.41081
820.46920,23.43401
820.86915,24.54356
821.26910,25.65313
821.66904,26.76273
822.06899,28.04773
822.46893,29.47193
822.86888,30.89614
823.26883,32.32038
823.66877,33.89633
824.06872,35.75777
824.46866,37.61923
824.86861,39.48071
825.26856,41.37554
825.66850,43.49065
826.06845,45.60577
826.46839,47.72092
826.86834,49.83608
827.26829,51.43329
827.66823,52.98294
828.06818,54.53259
828.46812,56.08225
828.86807,57.19102
829.26802,58.11557
829.66796,59.04011
830.06791,59.96469
830.46785,60.91392
830.86780,61.88860
831.26775,62.86329
831.66769,63.83800
832.06764,64.80516
832.46758,65.75320
832.86753,66.70126
833.26748,67.64934
833.66742,68.68555
834.06737,70.83176
834.46731,72.97798
834.86726,75.12424
835.26721,77.27049
835.66715,81.03014
836.06710,85.05138
836.46704,89.07262
836.86699,93.09389
837.26694,97.44621
837.66688,101.97296
838.06683,106.49973
838.46677,111.02651
838.86672,116.01514
839.26667,121.57542
839.66661,127.13575
840.06656,132.69608
840.46650,138.27641
840.86645,143.91951
841.26640,149.56259
841.66634,155.20575
842.06629,160.74673
842.46623,163.31467
842.86618,165.88266
843.26613,168.45065
843.66607,171.01869
844.06602,167.53752
844.46596,162.84065
844.86591,158.14383
845.26586,153.44699
845.66580,144.97946
846.06575,134.24561
846.46569,123.51175
846.86564,112.77789
847.26559,104.33910
847.66553,99.01779
848.06548,93.69651
848.46542,88.37523
848.86537,83.52254
849.26532,80.34614
849.66526,77.16977
850.06521,73.99340
850.46515,70.86272
850.86510,69.92546
851.26505,68.98820
851.66499,68.05095
852.06494,67.11374
852.46488,70.41908
852.86483,74.67269
853.26478,78.92635
853.66472,83.18002
854.06467,87.94681
854.46461,93.02913
854.86456,98.11147
855.26451,103.19379
855.66445,108.54292
856.06440,114.26630
856.46434,119.98963
856.86429,125.71303
857.26423,131.23660
857.66418,136.05426
858.06413,140.87195
858.46407,145.68967
858.86402,150.33537
859.26396,146.57256
859.66391,142.80977
860.06386,139.04703
860.46380,135.28427
860.86375,125.75499
861.26369,115.01924
861.66364,104.28354
862.06359,93.54785
862.46353,85.15043
862.86348,78.13268
863.26342,71.11492
863.66337,64.09720
864.06332,57.76752
864.46326,52.32843
864.86321,46.88936
865.26315,41.45032
865.66310,36.85506
866.06305,34.96456
866.46299,33.07407
866.86294,31.18361
867.26288,29.36945
867.66283,29.09455
868.06278,28.81968
868.46272,28.54483
868.86267,28.26999
869.26261,28.15404
869.66256,28.06472
870.06251,27.97541
870.46245,27.88611
870.86240,27.30436
871.26234,26.47014
871.66229,25.63596
872.06224,24.80180
872.46218,24.05207
872.86213,23.39643
873.26207,22.74081
873.66202,22.08521
874.06197,21.47134
874.46191,20.96477
874.86186,20.45819
875.26180,19.95167
875.66175,19.45292
876.06170,19.03086
876.46164,18.60883
876.86159,18.18682
877.26153,17.76484
877.66148,17.40508
878.06143,17.05195
878.46137,16.69886
878.86132,16.34577
879.26126,16.03349
879.66121,15.73760
880.06116,15.44174
880.46110,15.14590
880.86105,14.89965
881.26099,14.69776
881.66094,14.49590
882.06089,14.29406
882.46083,14.11546
882.86078,13.98103
883.26072,13.84661
883.66067,13.71223
884.06062,13.58804
884.46056,13.51872
884.86051,13.44943
885.26045,13.38016
885.66040,13.31090
886.06035,13.30192
886.46029,13.29459
886.86024,13.28729
887.26018,13.28000
887.66013,13.31581
888.06008,13.36306
888.46002,13.41032
888.85997,13.45761
889.25991,13.53987
889.65986,13.64498
890.05981,13.75011
890.45975,13.85525
890.85970,14.02182
891.25964,14.27175
891.65959,14.52167
892.05954,14.77162
892.45948,15.01981
892.85943,15.26251
893.25937,15.50524
893.65932,15.74799
894.05927,15.97800
894.45921,16.02666
894.85916,16.07535
895.25910,16.12404
895.65905,16.17277
896.05900,16.01775
896.45894,15.83564
896.85889,15.65355
897.25883,15.47148
897.65878,14.99018
898.05873,14.38490
898.45867,13.77964
898.85862,13.17441
899.25856,12.48627
899.65851,11.72432
900.05846,10.96240
900.45840,10.20049
900.85835,9.46240
901.25829,8.76787
901.65824,8.07336
902.05819,7.37889
902.45813,6.88538
902.85808,6.54953
903.25802,6.21372
903.65797,5.87791
904.05792,5.93441
904.45786,6.64515
904.85781,7.35590
905.25775,8.06668
905.65770,8.64162
906.05765,8.62507
906.45759,8.60854
906.85754,8.59202
907.25748,8.57559
907.65743,8.55441
908.05738,8.53334
908.45732,8.51229
908.85727,8.49126
909.25721,8.50668
909.65716,8.52995
910.05711,8.55323
910.45705,8.57653
910.85700,8.64395
911.25694,8.73643
911.65689,8.82893
912.05684,8.92146
912.45678,9.05136
912.85673,9.22570
913.25667,9.40004
913.65662,9.57441
914.05657,9.76273
914.45651,9.98797
914.85646,10.21324
915.25640,10.43851
915.65635,10.67613
916.05630,11.02994
916.45624,11.38376
916.85619,11.73760
917.25613,12.09146
917.65608,12.70535
918.05603,13.34409
918.45597,13.98286
918.85592,14.62164
919.25586,15.43640
919.65581,16.31470
920.05576,17.19303
920.45570,18.07137
920.85565,19.09011
921.25559,20.22181
921.65554,21.35352
922.05549,22.48525
922.45543,23.49844
922.85538,24.31707
923.25532,25.13573
923.65527,25.95441
924.05522,26.73524
924.45516,27.36744
924.85511,27.99965
925.25505,28.63189
925.65500,29.26178
926.05495,29.79851
926.45489,30.33525
926.85484,30.87203
927.25478,31.40882
927.65473,31.82660
928.05468,32.22373
928.45462,32.62086
928.85457,33.01804
929.25451,33.43170
929.65446,33.85336
930.05441,34.27503
930.45435,34.69673
930.85430,35.02383
931.25424,35.25758
931.65419,35.49135
932.05414,35.72515
932.45408,35.91749
932.85403,36.02675
933.25397,36.13602
933.65392,36.24531
934.05387,36.28879
934.45381,35.97942
934.85376,35.67007
935.25370,35.36074
935.65365,35.05142
936.05360,33.54656
936.45354,32.02857
936.85349,30.51060
937.25343,28.99265
937.65338,28.09636
938.05333,27.33556
938.45327,26.57476
938.85322,25.81401
939.25316,25.09291
939.65311,24.39341
940.05306,23.69390
940.45300,22.99442
940.85295,22.29797
941.25289,21.60478
941.65284,20.91161
942.05279,20.21847
942.45273,19.53980
942.85268,18.89272
943.25262,18.24565
943.65257,17.59860
944.05252,16.96392
944.45246,16.40276
944.85241,15.84161
945.25235,15.28049
945.65230,14.71938
946.05225,14.24245
946.45219,13.76718
946.85214,13.29193
947.25208,12.81670
947.65203,12.45226
948.05198,12.11255
948.45192,11.77285
948.85187,11.43317
949.25181,11.15676
949.65176,10.91448
950.05171,10.67222
950.45165,10.42998
950.85160,10.24061
951.25154,10.10701
951.65149,9.97345
952.05144,9.83990
952.45138,9.74115
952.85133,9.71437
953.25127,9.68758
953.65122,9.66084
954.05117,9.65025
954.45111,9.72120
954.85106,9.79216
955.25100,9.86314
955.65095,9.93415
956.05090,10.02814
956.45084,10.12216
956.85079,10.21621
957.25073,10.31027
957.65068,10.31742
958.05063,10.30828
958.45057,10.29915
958.85052,10.29004
959.25046,10.22358
959.65041,10.13060
960.05036,10.03765
960.45030,9.94470
960.85025,9.82743
961.25019,9.68824
961.65014,9.54905
962.05009,9.40988
962.45003,9.25805
962.84998,9.08392
963.24992,8.90981
963.64987,8.73573
964.04982,8.55412
964.44976,8.34360
964.84971,8.13308
965.24965,7.92259
965.64960,7.70980
966.04955,7.45412
966.44949,7.19846
966.84944,6.94284
967.24938,6.68721
967.64933,6.43684
968.04928,6.18705
968.44922,5.93730
968.84917,5.68756
969.24911,5.46827
969.64906,5.25939
970.04901,5.05053
970.44895,4.84168
970.84890,4.73419
971.24884,4.69791
971.64879,4.66164
972.04874,4.62540
972.44868,4.79298
972.84863,5.22611
973.24857,5.65926
973.64852,6.09242
974.04847,6.62450
974.44841,7.40626
974.84836,8.18804
975.24830,8.96984
975.64825,9.75656
976.04820,10.57518
976.44814,11.39383
976.84809,12.21250
977.24803,13.03117
977.64798,11.81535
978.04793,10.56348
978.44787,9.31163
978.84782,8.05980
979.24776,7.34959
979.64771,6.74681
980.04766,6.14403
980.44760,5.54127
980.84755,5.17480
981.24749,4.91877
981.64744,4.66277
982.04739,4.40678
982.44733,4.45431
982.84728,4.76736
983.24722,5.08042
983.64717,5.39349
984.04712,5.65269
984.44706,5.82682
984.84701,6.00099
985.24695,6.17516
985.64690,6.45379
986.04685,7.06355
986.44679,7.67332
986.84674,8.28312
987.24668,8.78866
987.64663,8.32037
988.04658,7.85209
988.44652,7.38384
988.84647,6.91561
989.24641,6.29768
989.64636,5.67207
990.04631,5.04648
990.44625,4.42092
990.84620,3.96611
991.24614,3.55187
991.64609,3.13766
992.04604,2.72345
992.44598,2.39472
992.84593,2.10904
993.24587,1.82339
993.64582,1.53774
994.04577,1.30819
994.44571,1.13001
994.84566,0.95185
995.24560,0.77371
995.64555,0.62514
996.04550,0.52451
996.44544,0.42389
996.84539,0.32331
997.24533,0.23464
997.64528,0.18456
998.04523,0.13451
998.44517,0.08447
998.84512,0.03832
999.24506,0.02870
999.64501,0.01911
1000.04496,0.00954
1000.44490,0.00000
1000.84485,0.02475
1001.24479,0.05133
1001.64474,0.07792
1002.04469,0.10454
1002.44463,0.18397
1002.84458,0.27568
1003.24452,0.36740
1003.64447,0.45916
1004.04442,0.55477
1004.44436,0.65215
1004.84431,0.74957
1005.24425,0.84700
1005.64420,0.95575
1006.04415,1.07432
1006.44409,1.19291
1006.84404,1.31153
1007.24398,1.79880
1007.64393,2.81655
1008.04388,3.83432
1008.44382,4.85211
1008.84377,5.76106
1009.24371,6.39623
1009.64366,7.03141
1010.04361,7.66662
1010.44355,8.26384
1010.84350,8.61531
1011.24344,8.96681
1011.64339,9.31831
1012.04334,9.66681
1012.44328,9.20261
1012.84323,8.74216
1013.24317,8.28173
1013.64312,7.82133
1014.04307,7.00616
1014.44301,6.14389
1014.84296,5.28164
1015.24290,4.41941
1015.64285,3.58450
1016.04280,2.75958
1016.44274,1.93468
1016.84269,1.10980
1017.24263,0.91690
1017.64258,1.13375
1018.04253,1.35063
1018.44247,1.56753
1018.84242,1.71571
1019.24236,1.78978
1019.64231,1.86387
1020.04226,1.93798
1020.44220,2.09963
1020.84215,2.41991
1021.24209,2.74022
1021.64204,3.06055
1022.04199,3.49909
1022.44193,4.33331
1022.84188,5.16755
1023.24182,6.00180
1023.64177,6.80621
1024.04172,7.35471
1024.44166,7.90322
1024.84161,8.45174
1025.24155,9.00029
1025.64150,9.26816
1026.04145,9.53000
1026.44139,9.79186
1026.84134,10.05373
1027.24128,10.21321
1027.64123,10.35511
1028.04118,10.49703
1028.44112,10.63898
1028.84107,10.55037
1029.24101,10.37551
1029.64096,10.20069
1030.04091,10.02587
1030.44085,9.91765
1030.84080,9.85344
1031.24074,9.78924
1031.64069,9.72505
1032.04064,9.71735
1032.44058,9.77163
1032.84053,9.82595
1033.24047,9.88027
1033.64042,9.97094
1034.04037,10.12876
1034.44031,10.28659
1034.84026,10.44446
1035.24020,10.60102
1035.64015,10.75314
1036.04010,10.90525
1036.44004,11.05739
1036.83999,11.22885
1037.23993,11.57408
1037.63988,11.91931
1038.03983,12.26458
1038.43977,12.60985
1038.83972,12.95019
1039.23966,13.29040
1039.63961,13.63064
1040.03956,13.97090
1040.43950,14.27469
1040.83945,14.57323
1041.23939,14.87179
1041.63934,15.17036
1042.03929,15.37190
1042.43923,15.54080
1042.83918,15.70974
1043.23912,15.87868
1043.63907,15.84984
1044.03902,15.70121
1044.43896,15.55258
1044.83891,15.40397
1045.23885,15.17490
1045.63880,14.86447
1046.03875,14.55406
1046.43869,14.24366
1046.83864,14.01934
1047.23858,13.92592
1047.63853,13.83252
1048.03848,13.73914
1048.43842,13.76962
1048.83837,14.13310
1049.23831,14.49660
1049.63826,14.86012
1050.03821,15.29225
1050.43815,16.05800
1050.83810,16.82376
1051.23804,17.58955
1051.63799,18.36225
1052.03794,19.28155
1052.43788,20.20087
1052.83783,21.12022
1053.23777,22.03958
1053.63772,23.24664
1054.03767,24.47895
1054.43761,25.71127
1054.83756,26.94360
1055.23750,29.10710
1055.63745,31.47658
1056.03740,33.84610
1056.43734,36.21563
1056.83729,38.17474
1057.23723,39.95230
1057.63718,41.72989
1058.03713,43.50748
1058.43707,45.29900
1058.83702,47.10006
1059.23696,48.90114
1059.63691,50.70224
1060.03686,51.88697
1060.43680,52.43586
1060.83675,52.98473
1061.23669,53.53365
1061.63664,53.75809
1062.03659,53.42203
1062.43653,53.08599
1062.83648,52.74997
1063.23642,52.24077
1063.63637,51.25390
1064.03632,50.26704
1064.43626,49.28020
1064.83621,48.20622
1065.23615,46.69280
1065.63610,45.17941
1066.03605,43.66604
1066.43599,42.16578
1066.83594,40.97956
1067.23588,39.79338
1067.63583,38.60723
1068.03578,37.42108
1068.43572,36.55821
1068.83567,35.71620
1069.23561,34.87421
1069.63556,34.03224
1070.03551,33.42822
1070.43545,32.86990
1070.83540,32.31161
1071.23534,31.75333
1071.63529,31.17762
1072.03524,30.59573
1072.43518,30.01385
1072.83513,29.43200
1073.23507,28.84860
1073.63502,28.26435
1074.03497,27.68012
1074.43491,27.09592
1074.83486,26.50833
1075.23480,25.91783
1075.63475,25.32736
1076.03470,24.73690
1076.43464,24.20154
1076.83459,23.73725
1077.23453,23.27299
1077.63448,22.80874
1078.03443,22.34907
1078.43437,21.89843
1078.83432,21.44781
1079.23426,20.99720
1079.63421,20.53832
1080.03416,20.04839
1080.43410,19.55847
1080.83405,19.06857
1081.23399,18.57413
1081.63394,18.05060
1082.03389,17.52709
1082.43383,17.00358
1082.83378,16.47640
1083.23372,15.84541
1083.63367,15.21445
1084.03362,14.58351
1084.43356,13.95258
1084.83351,13.41758
1085.23345,12.88939
1085.63340,12.36121
1086.03335,11.83306
1086.43329,11.27585
1086.83324,10.71287
1087.23318,10.14989
1087.63313,9.58694
1088.03308,9.58913
1088.43302,9.79740
1088.83297,10.00570
1089.23291,10.21401
1089.63286,10.76937
1090.03281,11.52662
1090.43275,12.28390
1090.83270,13.04120
1091.23264,13.50110
1091.63259,13.69905
1092.03254,13.89703
1092.43248,14.09502
1092.83243,14.23450
1093.23237,14.30419
1093.63232,14.37391
1094.03227,14.44364
1094.43221,14.39487
1094.83216,14.13135
1095.23210,13.86784
1095.63205,13.60435
1096.03200,13.37326
1096.43194,13.23677
1096.83189,13.10030
1097.23183,12.96385
1097.63178,12.86575
1098.03173,12.94294
1098.43167,13.02014
1098.83162,13.09737
1099.23156,13.18398
1099.63151,13.37979
1100.03146,13.57562
1100.43140,13.77147
1100.83135,13.96733
1101.23129,14.30980
1101.63124,14.65553
1102.03119,15.00127
1102.43113,15.34705
1102.83108,16.43724
1103.23102,17.60758
1103.63097,18.77794
1104.03092,19.94831
1104.43086,20.70307
1104.83081,21.35538
1105.23075,22.00772
1105.63070,22.66007
1106.03065,23.29357
1106.43059,23.92000
1106.83054,24.54644
1107.23048,25.17289
1107.63043,25.72591
1108.03038,26.23508
1108.43032,26.74428
1108.83027,27.25350
1109.23021,27.70098
1109.63016,28.09807
1110.03011,28.49517
1110.43005,28.89230
1110.83000,29.28969
1111.22994,29.68739
1111.62989,30.08509
1112.02984,30.48281
1112.42978,31.12683
1112.82973,32.18218
1113.22967,33.23754
1113.62962,34.29293
1114.02957,35.49951
1114.42951,37.06063
1114.82946,38.62178
1115.22940,40.18295
1115.62935,41.87328
1116.02930,44.01264
1116.42924,46.15201
1116.82919,48.29141
1117.22913,50.42658
1117.62908,52.53159
1118.02903,54.63662
1118.42897,56.74166
1118.82892,58.82957
1119.22886,60.57175
1119.62881,62.31395
1120.02876,64.05617
1120.42870,65.79841
1120.82865,67.20567
1121.22859,68.60323
1121.62854,70.00076
1122.02849,71.39835
1122.42843,72.34373
1122.82838,73.23674
1123.22832,74.12979
1123.62827,75.02285
1124.02822,75.60366
1124.42816,76.10432
1124.82811,76.60497
1125.22805,77.10565
1125.62800,76.45715
1126.02795,75.36203
1126.42789,74.26689
1126.82784,73.17179
1127.22778,71.91524
1127.62773,70.56965
1128.02768,69.22409
1128.42762,67.87854
1128.82757,66.63158
1129.22751,65.45930
1129.62746,64.28703
1130.02741,63.11478
1130.42735,62.35785
1130.82730,62.02724
1131.22724,61.69667
1131.62719,61.36610
1132.02714,62.80485
1132.42708,66.70811
1132.82703,70.61139
1133.22697,74.51468
1133.62692,78.78651
1134.02687,83.76627
1134.42681,88.74604
1134.82676,93.72583
1135.22670,98.70251
1135.62665,103.67055
1136.02660,108.63864
1136.42654,113.60674
1136.82649,118.96486
1137.22643,125.97232
1137.62638,132.97980
1138.02633,139.98727
1138.42627,146.29790
1138.82622,148.35242
1139.22616,150.40692
1139.62611,152.46143
1140.02606,154.15471
1140.42600,150.66402
1140.82595,147.17336
1141.22589,143.68268
1141.62584,140.19205
1142.02579,137.76471
1142.42573,135.34856
1142.82568,132.93245
1143.22562,130.51633
1143.62557,127.60483
1144.02552,124.64673
1144.42546,121.68866
1144.82541,118.73062
1145.22535,115.36237
1145.62530,111.91510
1146.02525,108.46782
1146.42519,105.02058
1146.82514,101.38914
1147.22508,97.70813
1147.62503,94.02711
1148.02498,90.34614
1148.42492,86.76620
1148.82487,83.22708
1149.22481,79.68799
1149.62476,76.14890
1150.02471,72.70113
1150.42465,69.30542
1150.82460,65.90976
1151.22454,62.51409
1151.62449,59.38358
1152.02444,56.44011
1152.42438,53.49664
1152.82433,50.55322
1153.22427,47.79410
1153.62422,45.21152
1154.02417,42.62900
1154.42411,40.04648
1154.82406,37.66581
1155.22400,35.52189
1155.62395,33.37799
1156.02390,31.23412
1156.42384,29.39989
1156.82379,28.06101
1157.22373,26.72216
1157.62368,25.38333
1158.02363,24.13929
1158.42357,23.08414
1158.82352,22.02901
1159.22346,20.97391
1159.62341,20.01051
1160.02336,19.31010
1160.42330,18.60970
1160.82325,17.90933
1161.22319,17.24318
1161.62314,16.70726
1162.02309,16.17134
1162.42303,15.63547
1162.82298,15.12446
1163.22292,14.77633
1163.62287,14.42821
1164.02282,14.08012
1164.42276,13.75051
1164.82271,13.62788
1165.22265,13.50526
1165.62260,13.38266
1166.02255,13.26570
1166.42249,13.32183
1166.82244,13.37798
1167.22238,13.43414
1167.62233,13.49033
1168.02228,13.66252
1168.42222,13.84009
1168.82217,14.01769
1169.22211,14.19530
1169.62206,14.47632
1170.02201,14.76818
1170.42195,15.06005
1170.82190,15.35196
1171.22184,14.80027
1171.62179,14.10523
1172.02174,13.41020
1172.42168,12.71519
1172.82163,11.93787
1173.22157,11.14053
1173.62152,10.34321
1174.02147,9.54590
1174.42141,8.72433
1174.82136,7.89482
1175.22130,7.06536
1175.62125,6.23592
1176.02120,5.64430
1176.42114,5.16561
1176.82109,4.68693
1177.22103,4.20828
1177.62098,3.94553
1178.02093,3.81093
1178.42087,3.67636
1178.82082,3.54181
1179.22076,3.55508
1179.62071,3.67673
1180.02066,3.79839
1180.42060,3.92008
1180.82055,4.09586
1181.22049,4.32027
1181.62044,4.54472
1182.02039,4.76919
1182.42033,5.01120
1182.82028,5.27254
1183.22022,5.53390
1183.62017,5.79527
1184.02012,6.14670
1184.42006,6.61975
1184.82001,7.09284
1185.21995,7.56594
1185.61990,7.92696
1186.01985,8.10101
1186.41979,8.27507
1186.81974,8.44915
1187.21968,8.56165
1187.61963,8.54577
1188.01958,8.52991
1188.41952,8.51408
1188.81947,8.46907
1189.21941,8.35556
1189.61936,8.24207
1190.01931,8.12859
1190.41925,7.99417
1190.81920,7.79633
1191.21914,7.59849
1191.61909,7.40069
1192.01904,7.18617
1192.41898,6.90371
1192.81893,6.62128
1193.21887,6.33887
1193.61882,6.04091
1194.01877,5.65278
1194.41871,5.26466
1194.81866,4.87656
1195.21860,4.52222
1195.61855,4.48378
1196.01850,4.44536
1196.41844,4.40694
1196.81839,4.38040
1197.21833,4.50891
1197.61828,4.63745
1198.01823,4.76600
1198.41817,4.89732
1198.81812,5.16059
1199.21806,5.42386
1199.61801,5.68716
1200.01796,5.95048
1200.41790,6.26443
1200.81785,6.57998
1201.21779,6.89554
1201.61774,7.21112
1202.01769,7.46941
1202.41763,7.72431
1202.81758,7.97925
1203.21752,8.23421
1203.61747,8.43869
1204.01742,8.63720
1204.41736,8.83573
1204.81731,9.03427
1205.21725,9.38708
1205.61720,9.76859
1206.01715,10.15010
1206.41709,10.53164
1206.81704,10.77118
1207.21698,10.97908
1207.61693,11.18700
1208.01688,11.39492
1208.41682,11.25083
1208.81677,10.99989
1209.21671,10.74898
1209.61666,10.49809
1210.01661,10.32931
1210.41655,10.18916
1210.81650,10.04903
1211.21644,9.90892
1211.61639,9.95594
1212.01634,10.08661
1212.41628,10.21732
1212.81623,10.34805
1213.21617,10.59768
1213.61612,10.90708
1214.01607,11.21650
1214.41601,11.52593
1214.81596,12.07771
1215.21590,12.76582
1215.61585,13.45395
1216.01580,14.14210
1216.41574,15.01071
1216.81569,16.00501
1217.21563,16.99933
1217.61558,17.99368
1218.01553,19.21440
1218.41547,20.61021
1218.81542,22.00606
1219.21536,23.40190
1219.61531,24.85505
1220.01526,26.35733
1220.41520,27.85963
1220.81515,29.36196
1221.21509,31.43219
1221.61504,34.09878
1222.01499,36.76537
1222.41493,39.43200
1222.81488,43.71258
1223.21482,49.87070
1223.61477,56.02883
1224.01472,62.18699
1224.41466,69.06038
1224.81461,76.85635
1225.21455,84.65236
1225.61450,92.44838
1226.01445,103.67429
1226.41439,119.81206
1226.81434,135.94987
1227.21428,152.08768
1227.61423,165.85355
1228.01418,175.84044
1228.41412,185.82738
1228.81407,195.81430
1229.21401,203.35995
1229.61396,206.56723
1230.01391,209.77452
1230.41385,212.98186
1230.81380,214.71594
1231.21374,213.51962
1231.61369,212.32332
1232.01364,211.12701
1232.41358,209.91919
1232.81353,208.68224
1233.21347,207.44531
1233.61342,206.20839
1234.01337,204.91589
1234.41331,203.46391
1234.81326,202.01190
1235.21320,200.55995
1235.61315,198.47324
1236.01310,194.29597
1236.41304,190.11874
1236.81299,185.94147
1237.21293,181.31512
1237.61288,174.97186
1238.01283,168.62862
1238.41277,162.28543
1238.81272,155.56190
1239.21266,147.37987
1239.61261,139.19781
1240.01256,131.01582
1240.41250,122.85309
1240.81245,114.77745
1241.21239,106.70183
1241.61234,98.62622
1242.01229,90.63202
1242.41223,83.07912
1242.81218,75.52621
1243.21212,67.97336
1243.61207,60.92171
1244.01202,57.21880
1244.41196,53.51590
1244.81191,49.81303
1245.21185,46.18240
1245.61180,43.16991
1246.01175,40.15742
1246.41169,37.14496
1246.81164,34.22134
1247.21158,32.33169
1247.61153,30.44207
1248.01148,28.55246
1248.41142,26.76930
1248.81137,26.23438
1249.21131,25.69947
1249.61126,25.16459
1250.01121,24.65550
1250.41115,24.60656
1250.81110,24.55763
1251.21104,24.50873
1251.61099,24.46625
1252.01094,24.65055
1252.41088,24.83487
1252.81083,25.01921
1253.21077,25.16754
1253.61072,24.01420
1254.01067,22.86089
1254.41061,21.70758
1254.81056,20.55591
1255.21050,20.31187
1255.61045,20.06820
1256.01040,19.82454
1256.41034,19.58091
1256.81029,19.63596
1257.21023,19.69843
1257.61018,19.76092
1258.01013,19.82343
1258.41007,20.23135
1258.81002,20.64805
1259.20996,21.06476
1259.60991,21.48150
1260.00986,22.30687
1260.40980,23.14283
1260.80975,23.97881
1261.20969,24.81481
1261.60964,26.12943
1262.00959,27.46968
1262.40953,28.80993
1262.80948,30.15021
1263.20942,32.01915
1263.60937,33.93177
1264.00932,35.84441
1264.40926,37.75706
1264.80921,40.16242
1265.20915,42.60879
1265.60910,45.05519
1266.00905,47.50160
1266.40899,51.03480
1266.80894,54.65919
1267.20888,58.28360
1267.60883,61.90802
1268.00878,66.65782
1268.40872,71.53677
1268.80867,76.41575
1269.20861,81.29474
1269.60856,88.77667
1270.00851,96.55907
1270.40845,104.34145
1270.80840,112.12387
1271.20834,122.35249
1271.60829,132.86513
1272.00824,143.37778
1272.40818,153.89046
1272.80813,167.44879
1273.20807,181.46048
1273.60802,195.47220
1274.00797,209.48393
1274.40791,220.15794
1274.80786,230.33272
1275.20780,240.50751
1275.60775,250.68236
1276.00770,257.66254
1276.40764,264.16266
1276.80759,270.66278
1277.20753,277.16293
1277.60748,279.84433
1278.00743,281.94910
1278.40737,284.05389
1278.80732,286.15875
1279.20726,285.81271
1279.60721,285.09500
1280.00716,284.37720
1280.40710,283.65952
1280.80705,279.81363
1281.20699,275.38400
1281.60694,270.95438
1282.00689,266.52484
1282.40683,259.20157
1282.80678,251.43527
1283.20672,243.66890
1283.60667,235.90257
1284.00662,226.54639
1284.40656,216.89104
1284.80651,207.23573
1285.20645,197.58051
1285.60640,187.89891
1286.00635,178.21243
1286.40629,168.52596
1286.80624,158.83952
1287.20618,150.60706
1287.60613,142.65045
1288.00608,134.69382
1288.40602,126.73719
1288.80597,120.12873
1289.20591,113.77696
1289.60586,107.42525
1290.00581,101.07354
1290.40575,96.19255
1290.80570,91.54211
1291.20564,86.89170
1291.60559,82.24130
1292.00554,78.26189
1292.40548,74.38818
1292.80543,70.51447
1293.20537,66.64078
1293.60532,63.69582
1294.00527,60.89780
1294.40521,58.09977
1294.80516,55.30178
1295.20510,53.14761
1295.60505,51.09581
1296.00500,49.04401
1296.40494,46.99224
1296.80489,45.29400
1297.20483,43.65221
1297.60478,42.01044
1298.00473,40.36869
1298.40467,38.80865
1298.80462,37.26175
1299.20456,35.71487
1299.60451,34.16801
1300.00446,32.97799
1300.40440,31.83378
1300.80435,30.68960
1301.20429,29.54543
1301.60424,28.65213
1302.00419,27.79121
1302.40413,26.93032
1302.80408,26.06944
1303.20402,25.43801
1303.60397,24.83637
1304.00392,24.23475
1304.40386,23.63313
1304.80381,23.14948
1305.20375,22.67757
1305.60370,22.20567
1306.00365,21.73380
1306.40359,21.23153
1306.80354,20.72624
1307.20348,20.22097
1307.60343,19.71573
1308.00338,19.25203
1308.40332,18.79253
1308.80327,18.33306
1309.20321,17.87360
1309.60316,17.34684
1310.00311,16.81526
1310.40305,16.28370
1310.80300,15.75216
1311.20294,15.29336
1311.60289,14.83985
1312.00284,14.38636
1312.40278,13.93290
1312.80273,13.74055
1313.20267,13.55998
1313.60262,13.37943
1314.00257,13.19888
1314.40251,11.83002
1314.80246,10.40701
1315.20240,8.98402
1315.60235,7.56105
1316.00230,7.09401
1316.40224,6.64562
1316.80219,6.19725
1317.20213,5.74890
1317.60208,5.73740
1318.00203,5.73468
1318.40197,5.73198
1318.80192,5.72931
1319.20186,5.98243
1319.60181,6.23436
1320.00176,6.48632
1320.40170,6.73744
1320.80165,6.96048
1321.20159,7.18353
1321.60154,7.40661
1322.00149,7.63202
1322.40143,7.93601
1322.80138,8.24002
1323.20132,8.54404
1323.60127,8.83663
1324.00122,8.92538
1324.40116,9.01414
1324.80111,9.10293
1325.20105,9.14942
1325.60100,8.69324
1326.00095,8.23708
1326.40089,7.78093
1326.80084,7.32915
1327.20078,6.91568
1327.60073,6.50223
1328.00068,6.08879
1328.40062,5.70012
1328.80057,5.48222
1329.20051,5.26434
1329.60046,5.04647
1330.00041,4.84264
1330.40035,4.73592
1330.80030,4.62922
1331.20024,4.52254
1331.60019,4.40293
1332.00014,4.21023
1332.40008,4.01755
1332.80003,3.82490
1333.19997,3.67756
1333.59992,3.74385
1333.99987,3.81016
1334.39981,3.87649
1334.79976,4.02857
1335.19970,4.52487
1335.59965,5.02118
1335.99960,5.51751
1336.39954,5.97605
1336.79949,6.30349
1337.19943,6.63095
1337.59938,6.95842
1337.99933,7.27248
1338.39927,7.54584
1338.79922,7.81921
1339.19916,8.09261
1339.59911,8.35963
1339.99906,8.60965
1340.39900,8.85969
1340.79895,9.10975
1341.19889,9.37297
1341.59884,9.66728
1341.99879,9.96162
1342.39873,10.25597
1342.79868,10.50908
1343.19862,10.67524
1343.59857,10.84142
1343.99852,11.00761
1344.39846,11.05269
1344.79841,10.86897
1345.19835,10.68528
1345.59830,10.50162
1345.99825,10.34490
1346.39819,10.23395
1346.79814,10.12302
1347.19808,10.01211
1347.59803,9.85203
1347.99798,9.62408
1348.39792,9.39615
1348.79787,9.16824
1349.19781,8.94452
1349.59776,8.72603
1349.99771,8.50756
1350.39765,8.28910
1350.79760,8.12787
1351.19754,8.03142
1351.59749,7.93500
1351.99744,7.83860
1352.39738,7.80731
1352.79733,7.84285
1353.19727,7.87841
1353.59722,7.91399
1353.99717,8.01384
1354.39711,8.17352
1354.79706,8.33321
1355.19700,8.49292
1355.59695,8.69398
1355.99690,8.92655
1356.39684,9.15914
1356.79679,9.39175
1357.19673,9.64610
1357.59668,9.91546
1357.99663,10.18484
1358.39657,10.45423
1358.79652,10.69307
1359.19646,10.91482
1359.59641,11.13661
1359.99636,11.35839
1360.39630,11.51445
1360.79625,11.63752
1361.19619,11.76063
1361.59614,11.88375
1361.99609,11.83237
1362.39603,11.70272
1362.79598,11.57309
1363.19592,11.44347
1363.59587,11.16158
1363.99582,10.82613
1364.39576,10.49070
1364.79571,10.15529
1365.19565,9.70635
1365.59560,9.22240
1365.99555,8.73846
1366.39549,8.25453
1366.79544,8.18361
1367.19538,8.20726
1367.59533,8.23093
1367.99528,8.25462
1368.39522,8.46300
1368.79517,8.70705
1369.19511,8.95111
1369.59506,9.19518
1369.99501,9.68570
1370.39495,10.20744
1370.79490,10.72919
1371.19484,11.25097
1371.59479,11.70806
1371.99474,12.16084
1372.39468,12.61363
1372.79463,13.06645
1373.19457,13.56490
1373.59452,14.06519
1373.99447,14.56551
1374.39441,15.06091
1374.79436,15.11490
1375.19430,15.16889
1375.59425,15.22290
1375.99420,15.24532
1376.39414,14.77672
1376.79409,14.30813
1377.19403,13.83955
1377.59398,13.36124
1377.99393,12.80383
1378.39387,12.24643
1378.79382,11.68905
1379.19376,11.11889
1379.59371,10.46642
1379.99366,9.81395
1380.39360,9.16151
1380.79355,8.54083
1381.19349,8.06098
1381.59344,7.58114
1381.99339,7.10135
1382.39333,6.77281
1382.79328,6.94124
1383.19322,7.10968
1383.59317,7.27814
1383.99312,7.63758
1384.39306,8.48123
1384.79301,9.32488
1385.19295,10.16858
1385.59290,11.11781
1385.99285,12.27911
1386.39279,13.44043
1386.79274,14.60177
1387.19268,15.83934
1387.59263,17.20034
1387.99258,18.56135
1388.39252,19.92238
1388.79247,22.79662
1389.19241,27.66671
1389.59236,32.53682
1389.99231,37.40696
1390.39225,42.75760
1390.79220,48.62733
1391.19214,54.49707
1391.59209,60.36683
1391.99204,65.82799
1392.39198,70.92701
1392.79193,76.02605
1393.19187,81.12512
1393.59182,84.52987
1393.99177,86.70583
1394.39171,88.88180
1394.79166,91.05778
1395.19160,90.48369
1395.59155,88.28815
1395.99150,86.09263
1396.39144,83.89714
1396.79139,79.19425
1397.19133,73.30360
1397.59128,67.41296
1397.99123,61.52235
1398.39117,56.45183
1398.79112,51.68768
1399.19106,46.92355
1399.59101,42.15943
1399.99096,38.19655
1400.39090,34.46297
1400.79085,30.72941
1401.19079,26.99588
1401.59074,24.39378
1401.99069,22.02845
1402.39063,19.66315
1402.79058,17.29786
1403.19052,16.23151
1403.59047,15.30722
1403.99042,14.38296
1404.39036,13.45872
1404.79031,13.58543
1405.19025,13.76645
1405.59020,13.94748
1405.99015,14.12847
1406.39009,14.49530
1406.79004,14.86204
1407.18998,15.22880
1407.58993,15.58786
1407.98988,15.85163
1408.38982,16.11541
1408.78977,16.37922
1409.18971,16.63240
1409.58966,16.81066
1409.98961,16.98894
1410.38955,17.16723
1410.78950,17.34824
1411.18944,17.54204
1411.58939,17.73586
1411.98934,17.92969
1412.38928,18.06241
1412.78923,18.00998
1413.18917,17.95759
1413.58912,17.90520
1413.98907,17.84687
1414.38901,17.77447
1414.78896,17.70208
1415.18890,17.62971
1415.58885,17.54044
1415.98880,17.42266
1416.38874,17.30491
1416.78869,17.18717
1417.18863,17.01688
1417.58858,16.77448
1417.98853,16.53210
1418.38847,16.28975
1418.78842,16.06837
1419.18836,15.86833
1419.58831,15.66831
1419.98826,15.46830
1420.38820,15.34267
1420.78815,15.27897
1421.18809,15.21529
1421.58804,15.15164
1421.98799,15.15097
1422.38793,15.18892
1422.78788,15.22688
1423.18782,15.26486
1423.58777,15.37256
1423.98772,15.51093
1424.38766,15.64932
1424.78761,15.78773
1425.18755,15.98348
1425.58750,16.19899
1425.98745,16.41450
1426.38739,16.63004
1426.78734,16.91854
1427.18728,17.22323
1427.58723,17.52793
1427.98718,17.83265
1428.38712,18.15778
1428.78707,18.48536
1429.18701,18.81297
1429.58696,19.14059
1429.98690,19.67957
1430.38685,20.23149
1430.78680,20.78343
1431.18674,21.33187
1431.58669,21.67657
1431.98663,22.02128
1432.38658,22.36601
1432.78653,22.71010
1433.18647,23.04767
1433.58642,23.38527
1433.98636,23.72289
1434.38631,24.12364
1434.78626,24.84193
1435.18620,25.56025
1435.58615,26.27858
1435.98609,27.12731
1436.38604,28.38828
1436.78599,29.64927
1437.18593,30.91027
1437.58588,32.24895
1437.98582,33.75671
1438.38577,35.26451
1438.78572,36.77231
1439.18566,38.33495
1439.58561,39.99329
1439.98555,41.65164
1440.38550,43.31001
1440.78545,45.00180
1441.18539,46.73222
1441.58534,48.46265
1441.98528,50.19312
1442.38523,52.15746
1442.78518,54.34371
1443.18512,56.52998
1443.58507,58.71626
1443.98501,60.85406
1444.38496,62.95785
1444.78491,65.06166
1445.18485,67.16550
1445.58480,69.02021
1445.98474,70.74783
1446.38469,72.47545
1446.78464,74.20310
1447.18458,74.27982
1447.58453,73.83964
1447.98447,73.39949
1448.38442,72.95935
1448.78437,71.91737
1449.18431,70.75737
1449.58426,69.59740
1449.98420,68.43742
1450.38415,67.35959
1450.78410,66.28986
1451.18404,65.22013
1451.58399,64.15043
1451.98393,63.18512
1452.38388,62.22143
1452.78383,61.25774
1453.18377,60.30217
1453.58372,59.47456
1453.98366,58.64698
1454.38361,57.81940
1454.78356,57.06431
1455.18350,56.77776
1455.58345,56.49122
1455.98339,56.20470
1456.38334,56.10207
1456.78329,56.60335
1457.18323,57.10465
1457.58318,57.60597
1457.98312,58.49483
1458.38307,60.25485
1458.78302,62.01492
1459.18296,63.77500
1459.58291,65.99115
1459.98285,68.94415
1460.38280,71.89715
1460.78275,74.85017
1461.18269,78.50199
1461.58264,82.90540
1461.98258,87.30882
1462.38253,91.71227
1462.78248,99.01505
1463.18242,108.63062
1463.58237,118.24621
1463.98231,127.86181
1464.38226,141.14056
1464.78221,156.34239
1465.18215,171.54427
1465.58210,186.74614
1465.98204,202.00998
1466.38199,217.29674
1466.78194,232.58351
1467.18188,247.87027
1467.58183,258.81247
1467.98177,268.69998
1468.38172,278.58759
1468.78167,288.47516
1469.18161,285.93619
1469.58156,282.07996
1469.98150,278.22375
1470.38145,274.36755
1470.78140,266.96002
1471.18134,259.47491
1471.58129,251.98993
1471.98123,245.98238
1472.38118,257.41608
1472.78113,268.84979
1473.18107,280.28354
1473.58102,291.54248
1473.98096,301.99149
1474.38091,312.44061
1474.78086,322.88965
1475.18080,332.79282
1475.58075,341.07584
1475.98069,349.35886
1476.38064,357.64188
1476.78059,364.80838
1477.18053,369.91483
1477.58048,375.02130
1477.98042,380.12781
1478.38037,384.60242
1478.78032,388.22543
1479.18026,391.84848
1479.58021,395.47153
1479.98015,398.08789
1480.38010,399.79504
1480.78005,401.50232
1481.17999,403.20956
1481.57994,404.07373
1481.97988,404.43201
1482.37983,404.79022
1482.77978,405.14853
1483.17972,403.71924
1483.57967,401.60992
1483.97961,399.50064
1484.37956,397.39136
1484.77951,392.26346
1485.17945,386.49030
1485.57940,380.71707
1485.97934,374.94391
1486.37929,361.56128
1486.77924,347.31760
1487.17918,333.07397
1487.57913,318.79926
1487.97907,291.73370
1488.37902,264.60904
1488.77897,237.48434
1489.17891,211.11166
1489.57886,191.71576
1489.97880,172.31989
1490.37875,152.92401
1490.77870,134.81184
1491.17864,121.94001
1491.57859,109.06818
1491.97853,96.19636
1492.37848,85.27677
1492.77843,78.99487
1493.17837,72.71300
1493.57832,66.43115
1493.97826,61.65616
1494.37821,59.18230
1494.77816,56.70844
1495.17810,54.23462
1495.57805,51.80029
1495.97799,49.40622
1496.37794,47.01218
1496.77789,44.61815
1497.17783,42.74388
1497.57778,41.22388
1497.97772,39.70390
1498.37767,38.18394
1498.77762,36.68037
1499.17756,35.18403
1499.57751,33.68771
1499.97745,32.19141
1500.37740,30.89676
1500.77735,29.65457
1501.17729,28.41240
1501.57724,27.17025
1501.97718,25.94913
1502.37713,24.73055
1502.77708,23.51198
1503.17702,22.28429
1503.57697,21.53840
1503.97691,20.78686
1504.37686,20.03534
1504.77681,19.30582
1505.17675,18.79312
1505.57670,18.28044
1505.97664,17.76778
1506.37659,17.29794
1506.77654,16.98296
1507.17648,16.66800
1507.57643,16.35306
1507.97637,16.04005
1508.37632,15.73119
1508.77627,15.42235
1509.17621,15.11354
1509.57616,14.83544
1509.97610,14.60055
1510.37605,14.36566
1510.77600,14.13080
1511.17594,13.88619
1511.57589,13.63331
1511.97583,13.38044
1512.37578,13.12759
1512.77573,12.88963
1513.17567,12.66007
1513.57562,12.43054
1513.97556,12.20102
1514.37551,11.98627
1514.77546,11.77675
1515.17540,11.56726
1515.57535,11.35778
1515.97529,11.16622
1516.37524,10.97750
1516.77519,10.78880
1517.17513,10.60013
1517.57508,10.42517
1517.97502,10.25077
1518.37497,10.07639
1518.77492,9.90327
1519.17486,9.74304
1519.57481,9.58283
1519.97475,9.42264
1520.37470,9.26453
1520.77465,9.11540
1521.17459,8.96629
1521.57454,8.81719
1521.97448,8.67033
1522.37443,8.52900
1522.77438,8.38767
1523.17432,8.24637
1523.57427,8.12473
1523.97421,8.03131
1524.37416,7.93789
1524.77411,7.84451
1525.17405,7.78490
1525.57400,7.75463
1525.97394,7.72437
1526.37389,7.69414
1526.77384,7.64345
1527.17378,7.58101
1527.57373,7.51859
1527.97367,7.45619
1528.37362,7.25404
1528.77357,7.00757
1529.17351,6.76111
1529.57346,6.51468
1529.97340,6.25984
1530.37335,6.00364
1530.77330,5.74747
1531.17324,5.49131
1531.57319,5.40282
1531.97313,5.31723
1532.37308,5.23167
1532.77303,5.16403
1533.17297,5.24510
1533.57292,5.32617
1533.97286,5.40726
1534.37281,5.56553
1534.77276,5.97918
1535.17270,6.39284
1535.57265,6.80653
1535.97259,7.08353
1536.37254,7.08492
1536.77249,7.08634
1537.17243,7.08778
1537.57238,6.93192
1537.97232,6.58841
1538.37227,6.24492
1538.77222,5.90145
1539.17216,5.60272
1539.57211,5.33633
1539.97205,5.06996
1540.37200,4.80361
1540.77195,4.66986
1541.17189,4.59160
1541.57184,4.51336
1541.97178,4.43514
1542.37173,4.48322
1542.77168,4.55731
1543.17162,4.63140
1543.57157,4.70553
1543.97151,4.83603
1544.37146,4.96929
1544.77141,5.10255
1545.17135,5.23527
1545.57130,5.36148
1545.97124,5.48770
1546.37119,5.61396
1546.77114,5.72741
1547.17108,5.79053
1547.57103,5.85367
1547.97097,5.91683
1548.37092,5.96083
1548.77087,5.96548
1549.17081,5.97015
1549.57076,5.97484
1549.97070,5.97312
1550.37065,5.96363
1550.77060,5.95415
1551.17054,5.94470
1551.57049,5.79781
1551.97043,5.54990
1552.37038,5.30201
1552.77033,5.05414
1553.17027,4.59868
1553.57022,4.05460
1553.97016,3.51054
1554.37011,2.96649
1554.77006,2.54831
1555.17000,2.15681
1555.56995,1.76532
1555.96989,1.37385
1556.36984,1.79671
1556.76979,2.26269
1557.16973,2.72868
1557.56968,3.22552
1557.96962,4.10709
1558.36957,4.98867
1558.76952,5.87028
1559.16946,6.63411
1559.56941,6.98916
1559.96935,7.34424
1560.36930,7.69933
1560.76925,7.93242
1561.16919,7.93709
1561.56914,7.94179
1561.96908,7.94650
1562.36903,7.91126
1562.76898,7.83146
1563.16892,7.75167
1563.56887,7.67191
1563.96881,7.21058
1564.36876,6.49184
1564.76871,5.77312
1565.16865,5.05441
1565.56860,4.35514
1565.96854,3.66249
1566.36849,2.96985
1566.76844,2.27723
1567.16838,1.77186
1567.56833,1.29422
1567.96827,0.81660
1568.36822,0.33681
1568.76817,0.66109
1569.16811,0.98678
1569.56806,1.31247
1569.96800,1.55057
1570.36795,1.27222
1570.76790,0.99389
1571.16784,0.71556
1571.56779,0.50989
1571.96773,0.50111
1572.36768,0.49233
1572.76763,0.48359
1573.16757,0.52563
1573.56752,0.63810
1573.96746,0.75059
1574.36741,0.86312
1574.76736,1.10972
1575.16730,1.46895
1575.56725,1.82821
1575.96719,2.18747
1576.36714,2.54795
1576.76709,2.90896
1577.16703,3.26999
1577.56698,3.63104
1577.96692,3.53105
1578.36687,3.32810
1578.76682,3.12517
1579.16676,2.92225
1579.56671,2.70645
1579.96665,2.49022
1580.36660,2.27403
1580.76655,2.07659
1581.16649,2.02151
1581.56644,1.96644
1581.96638,1.91139
1582.36633,1.89728
1582.76628,2.01216
1583.16622,2.12706
1583.56617,2.24198
1583.96611,2.42344
1584.36606,2.70881
1584.76601,2.99421
1585.16595,3.27962
1585.56590,3.65495
1585.96584,4.10694
1586.36579,4.55895
1586.76574,5.01098
1587.16568,5.33025
1587.56563,5.58243
1587.96557,5.83463
1588.36552,6.08684
1588.76547,6.11610
1589.16541,6.09434
1589.56536,6.07260
1589.96530,6.05088
1590.36525,5.97245
1590.76520,5.89187
1591.16514,5.81131
1591.56509,5.73113
1591.96503,5.65393
1592.36498,5.57675
1592.76493,5.49959
1593.16487,5.44110
1593.56482,5.43511
1593.96476,5.42914
1594.36471,5.42318
1594.76466,5.74712
1595.16460,6.54248
1595.56455,7.33786
1595.96449,8.13324
1596.36444,8.56787
1596.76439,8.69040
1597.16433,8.81295
1597.56428,8.93550
1597.96422,8.84747
1598.36417,8.67371
1598.76412,8.49997
1599.16406,8.32624
1599.56401,7.36163
1599.96395,6.26843
1600.36390,5.17525
1600.76385,4.09274
1601.16379,3.57197
1601.56374,3.05632
1601.96368,2.54071
1602.36363,2.12694
1602.76358,2.25148
1603.16352,2.37604
1603.56347,2.50061
1603.96341,2.67568
1604.36336,2.96391
1604.76331,3.25216
1605.16325,3.54042
1605.56320,3.31501
1605.96314,2.48185
1606.36309,1.64872
1606.76304,0.81560
1607.16298,0.40632
1607.56293,0.27086
1607.96287,0.13543
1608.36282,0.00000
1608.76277,0.09674
1609.16271,0.27283
1609.56266,0.44892
1609.96260,0.62503
1610.36255,1.18420
1610.76250,1.78289
1611.16244,2.38160
1611.56239,2.93879
1611.96233,2.79549
1612.36228,2.65219
1612.76223,2.50893
1613.16217,2.35316
1613.56212,2.15562
1613.96206,1.95811
1614.36201,1.76061
1614.76196,1.68206
1615.16190,1.79763
1615.56185,1.91321
1615.96179,2.02881
1616.36174,2.11057
1616.76169,2.16225
1617.16163,2.21394
1617.56158,2.26566
1617.96152,2.17709
1618.36147,2.02219
1618.76142,1.86732
1619.16136,1.71246
1619.56131,1.61901
1619.96125,1.53614
1620.36120,1.45328
1620.76115,1.37067
1621.16109,1.34180
1621.56104,1.31301
1621.96098,1.28426
1622.36093,1.26910
1622.76088,1.31687
1623.16082,1.36467
1623.56077,1.41250
1623.96071,1.48995
1624.36066,1.62842
1624.76061,1.76691
1625.16055,1.90542
1625.56050,2.08911
1625.96044,2.31772
1626.36039,2.54635
1626.76034,2.77500
1627.16028,3.07959
1627.56023,3.42493
1627.96017,3.77030
1628.36012,4.11567
1628.76007,4.52719
1629.16001,4.95274
1629.55996,5.37830
1629.95990,5.80388
1630.35985,6.40644
1630.75980,7.01361
1631.15974,7.62078
1631.55969,8.11755
1631.95963,7.98478
1632.35958,7.85204
1632.75953,7.71931
1633.15947,7.57670
1633.55942,7.41087
1633.95936,7.24505
1634.35931,7.07927
1634.75926,6.84176
1635.15920,6.52442
1635.55915,6.20710
1635.95909,5.88980
1636.35904,5.33246
1636.75899,4.64456
1637.15893,3.95670
1637.55888,3.26884
1637.95882,2.70977
1638.35877,2.18348
1638.75872,1.65723
1639.15866,1.13098
1639.55861,0.94041
1639.95855,0.75964
1640.35850,0.57891
1640.75845,0.45769
1641.15839,0.68428
1641.55834,0.91089
1641.95828,1.13751
1642.35823,1.52729
1642.75818,2.26276
1643.15812,2.99825
1643.55807,3.73377
1643.95801,4.36635
1644.35796,4.88290
1644.75791,5.39947
1645.15785,5.91607
1645.55780,5.82786
1645.95774,5.40620
1646.35769,4.98455
1646.75764,4.56292
1647.15758,4.25422
1647.55753,3.97049
1647.95747,3.68678
1648.35742,3.40123
1648.75737,3.42436
1649.15731,3.44764
1649.55726,3.47095
1649.95720,3.58646
1650.35715,4.15851
1650.75710,4.73058
1651.15704,5.30267
1651.55699,5.70744
1651.95693,5.79100
1652.35688,5.87458
1652.75683,5.95819
1653.15677,5.96919
1653.55672,5.91236
1653.95666,5.85554
1654.35661,5.79874
1654.75656,5.76139
1655.15650,5.73273
1655.55645,5.70409
1655.95639,5.67547
1656.35634,4.37841
1656.75629,2.88502
1657.15623,1.39166
1657.55618,0.00000
1657.95612,1.01952
1658.35607,2.03906
1658.75602,3.05863
1659.15596,4.09662
1659.55591,5.20191
1659.95585,6.30725
1660.35580,7.41259
1660.75575,8.21661
1661.15569,8.59486
1661.55564,8.97312
1661.95558,9.35140
1662.35553,9.36881
1662.75548,9.13432
1663.15542,8.89986
1663.55537,8.66541
1663.95531,8.34296
1664.35526,7.99325
1664.75521,7.64354
1665.15515,7.29387
1665.55510,6.97599
1665.95504,6.66023
1666.35499,6.34448
1666.75494,6.03815
1667.15488,5.80606
1667.55483,5.57398
1667.95477,5.34191
1668.35472,5.14524
1668.75467,5.02663
1669.15461,4.90804
1669.55456,4.78948
1669.95450,4.70865
1670.35445,4.66770
1670.75440,4.62678
1671.15434,4.58586
1671.55429,4.59097
1671.95423,4.61969
1672.35418,4.64844
1672.75413,4.67720
1673.15407,4.90070
1673.55402,5.15585
1673.95396,5.41100
1674.35391,5.66254
1674.75386,5.81293
1675.15380,5.96334
1675.55375,6.11379
1675.95369,6.22387
1676.35364,6.20203
1676.75359,6.18021
1677.15353,6.15841
1677.55348,6.08334
1677.95342,5.93121
1678.35337,5.77911
1678.75332,5.62702
1679.15326,5.41050
1679.55321,5.14795
1679.95315,4.88541
1680.35310,4.62290
1680.75305,4.35264
1681.15299,4.08024
1681.55294,3.80785
1681.95288,3.53549
1682.35283,3.26149
1682.75278,2.98743
1683.15272,2.71339
1683.55267,2.51743
1683.95261,2.74165
1684.35256,2.96589
1684.75251,3.19014
1685.15245,3.45632
1685.55240,3.79824
1685.95234,4.14019
1686.35229,4.48214
1686.75224,4.84414
1687.15218,5.22388
1687.55213,5.60361
1687.95207,5.98338
1688.35202,6.33715
1688.75197,6.68135
1689.15191,7.02556
1689.55186,7.36980
1689.95180,7.32973
1690.35175,7.26059
1690.75170,7.19148
1691.15164,7.08182
1691.55159,6.62326
1691.95153,6.16472
1692.35148,5.70620
1692.75143,5.15782
1693.15137,4.40332
1693.55132,3.64884
1693.95126,2.89439
1694.35121,2.18383
1694.75116,1.51663
1695.15110,0.84945
1695.55105,0.18230
1695.95099,0.72930
1696.35094,1.79032
1696.75089,2.85135
1697.15083,3.91239
1697.55078,4.43269
1697.95072,4.87720
1698.35067,5.32174
1698.75062,5.71217
1699.15056,5.44980
1699.55051,5.18744
1699.95045,4.92509
1700.35040,4.70232
1700.75035,4.58335
1701.15029,4.46438
1701.55024,4.34543
1701.95018,4.24574
1702.35013,4.16727
1702.75008,4.08883
1703.15002,4.01040
1703.54997,4.04428
1703.94991,4.13223
1704.34986,4.22021
1704.74981,4.30821
1705.14975,4.56200
1705.54970,4.83962
1705.94964,5.11725
1706.34959,5.39641
1706.74954,5.69436
1707.14948,5.99234
1707.54943,6.29034
1707.94937,6.53775
1708.34932,6.65076
1708.74927,6.76378
1709.14921,6.87683
1709.54916,6.95439
1709.94910,6.99240
1710.34905,7.03044
1710.74900,7.06848
1711.14894,6.99217
1711.54889,6.86015
1711.94883,6.72815
1712.34878,6.59617
1712.74873,6.41422
1713.14867,6.22494
1713.54862,6.03568
1713.94856,5.84643
1714.34851,5.65705
1714.74846,5.46767
1715.14840,5.27831
1715.54835,5.14308
1715.94829,5.13659
1716.34824,5.13014
1716.74819,5.12368
1717.14813,5.09685
1717.54808,5.04923
1717.94802,5.00164
1718.34797,4.95407
1718.74792,4.89486
1719.14786,4.88724
1719.54781,4.87956
1719.94775,4.87189
1720.34770,4.87398
1720.74765,4.91637
1721.14759,4.95880
1721.54754,5.00123
1721.94748,5.03308
1722.34743,5.04864
1722.74738,5.06422
1723.14732,5.07981
1723.54727,5.05219
1723.94721,4.99493
1724.34716,4.93770
1724.74711,4.88049
1725.14705,4.81729
1725.54700,4.75253
1725.94694,4.68780
1726.34689,4.62253
1726.74684,4.51314
1727.14678,4.40287
1727.54673,4.29261
1727.94667,4.17744
1728.34662,4.03755
1728.74657,3.89769
1729.14651,3.75784
1729.54646,3.60335
1729.94640,3.42606
1730.34635,3.24879
1730.74630,3.07153
1731.14624,2.86359
1731.54619,2.63438
1731.94613,2.40519
1732.34608,2.17603
1732.74603,1.93836
1733.14597,1.69848
1733.54592,1.45860
1733.94586,1.21875
1734.34581,0.99636
1734.74576,0.77418
1735.14570,0.55201
1735.54565,0.35295
1735.94559,0.25288
1736.34554,0.15283
1736.74549,0.05280
1737.14543,0.00000
1737.54538,0.01785
1737.94532,0.03574
1738.34527,0.05365
1738.74522,0.09608
1739.14516,0.15570
1739.54511,0.21533
1739.94505,0.27499
1740.34500,0.39901
1740.74495,0.54039
1741.14489,0.68179
1741.54484,0.82401
1741.94478,1.02944
1742.34473,1.23491
1742.74468,1.44039
1743.14462,1.65858
1743.54457,1.92410
1743.94451,2.18962
1744.34446,2.45517
1744.74441,2.73209
1745.14435,3.02527
1745.54430,3.31846
1745.94424,3.61168
1746.34419,3.79260
1746.74414,3.90913
1747.14408,4.02567
1747.54403,4.14223
1747.94397,4.10691
1748.34392,4.04159
1748.74387,3.97629
1749.14381,3.90795
1749.54376,3.75410
1749.94370,3.60025
1750.34365,3.44642
1750.74360,3.34385
1751.14354,3.38783
1751.54349,3.43183
1751.94343,3.47586
1752.34338,3.41473
1752.74333,3.22942
1753.14327,3.04413
1753.54322,2.85887
1753.94316,2.53673
1754.34311,2.15108
1754.74306,1.76545
1755.14300,1.37984
1755.54295,1.62863
1755.94289,1.96189
1756.34284,2.29518
1756.74279,2.68020
1757.14273,3.49705
1757.54268,4.31393
1757.94262,5.13081
1758.34257,6.07245
1758.74252,7.29634
1759.14246,8.52027
1759.54241,9.74420
1759.94235,10.11775
1760.34230,9.74006
1760.74225,9.36240
1761.14219,8.98475
1761.54214,8.16127
1761.94208,7.19349
1762.34203,6.22574
1762.74198,5.25798
1763.14192,4.56363
1763.54187,3.88219
1763.94181,3.20076
1764.34176,2.58949
1764.74171,2.29900
1765.14165,2.00853
1765.54160,1.71807
1765.94154,1.53162
1766.34149,1.49866
1766.74144,1.46572
1767.14138,1.43279
1767.54133,1.45155
1767.94127,1.50429
1768.34122,1.55705
1768.74117,1.60982
1769.14111,1.62368
1769.54106,1.62945
1769.94100,1.63525
1770.34095,1.64502
1770.74090,1.72649
1771.14084,1.80799
1771.54079,1.88950
1771.94073,1.99034
1772.34068,2.14160
1772.74063,2.29289
1773.14057,2.44420
1773.54052,2.60296
1773.94046,2.76915
1774.34041,2.93536
1774.74036,3.10158
1775.14030,2.92236
1775.54025,2.59570
1775.94019,2.26906
1776.34014,1.94243
1776.74009,2.38794
1777.14003,2.89576
1777.53998,3.40359
1777.93992,3.87129
1778.33987,4.11112
1778.73982,4.35097
1779.13976,4.59084
1779.53971,4.64056
1779.93965,4.37243
1780.33960,4.10432
1780.73955,3.83622
1781.13949,3.42856
1781.53944,2.92736
1781.93938,2.42620
1782.33933,1.92505
1782.73928,2.60950
1783.13922,3.54841
1783.53917,4.48732
1783.93911,5.39164
1784.33906,5.60571
1784.73901,5.81982
1785.13895,6.03393
1785.53890,6.24814
1785.93884,6.46253
1786.33879,6.67695
1786.73874,6.89139
1787.13868,7.03019
1787.53863,7.09237
1787.93857,7.15457
1788.33852,7.21679
1788.73847,7.04371
1789.13841,6.79065
1789.53836,6.53760
1789.93830,6.28457
1790.33825,5.82275
1790.73820,5.35466
1791.13814,4.88660
1791.53809,4.43135
1791.93803,4.02890
1792.33798,3.62646
1792.73793,3.22406
1793.13787,2.82543
1793.53782,2.43203
1793.93776,2.03865
1794.33771,1.64530
1794.73766,1.26686
1795.13760,0.89666
1795.53755,0.52649
1795.93749,0.15633
1796.33744,0.22639
1796.73739,0.34881
1797.13733,0.47125
1797.53728,0.61914
1797.93722,0.95672
1798.33717,1.29431
1798.73712,1.63193
1799.13706,1.96126
1799.53701,2.27471
1799.93695,2.58816
1800.33690,2.90165
1800.73685,3.18526
1801.13679,3.44829
1801.53674,3.71134
1801.93668,3.97443
1802.33663,4.22571
1802.73658,4.47436
1803.13652,4.72304
1803.53647,4.96111
1803.93641,4.95187
1804.33636,4.94265
1804.73631,4.93346
1805.13625,4.84388
1805.53620,4.55811
1805.93614,4.27236
1806.33609,3.98664
1806.73604,3.75453
1807.13598,3.57289
1807.53593,3.39126
1807.93587,3.20965
1808.33582,2.90818
1808.73577,2.56984
1809.13571,2.23151
1809.53566,1.89320
1809.93560,1.87040
1810.33555,1.85107
1810.73550,1.83176
1811.13544,1.81725
1811.53539,1.81804
1811.93533,1.81884
1812.33528,1.81968
1812.73523,1.89204
1813.13517,2.04733
1813.53512,2.20264
1813.93506,2.35796
1814.33501,2.52832
1814.73496,2.70474
1815.13490,2.88119
1815.53485,3.05766
1815.93479,3.01013
1816.33474,2.95381
1816.73469,2.89750
1817.13463,2.84387
1817.53458,2.80179
1817.93452,2.75974
1818.33447,2.71770
1818.73442,2.69122
1819.13436,2.68484
1819.53431,2.67849
1819.93425,2.67214
1820.33420,2.65573
1820.73415,2.63471
1821.13409,2.61371
1821.53404,2.59272
1821.93398,2.61430
1822.33393,2.64010
1822.73388,2.66592
1823.13382,2.70996
1823.53377,2.84991
1823.93371,2.98989
1824.33366,3.12987
1824.73361,3.26915
1825.13355,3.40742
1825.53350,3.54570
1825.93344,3.68400
1826.33339,3.57958
1826.73334,3.34933
1827.13328,3.11910
1827.53323,2.88888
1827.93317,2.64337
1828.33312,2.39631
1828.73307,2.14928
1829.13301,1.89929
1829.53296,1.63340
1829.93290,1.36753
1830.33285,1.10168
1830.73280,0.89186
1831.13274,0.77266
1831.53269,0.65347
1831.93263,0.53431
1832.33258,0.47795
1832.73253,0.45823
1833.13247,0.43854
1833.53242,0.41885
1833.93236,0.59491
1834.33231,0.79128
1834.73226,0.98767
1835.13220,1.18702
1835.53215,1.40227
1835.93209,1.61755
1836.33204,1.83284
1836.73199,2.05885
1837.13193,2.30054
1837.53188,2.54227
1837.93182,2.78401
1838.33177,3.01992
1838.73172,3.25273
1839.13166,3.48557
1839.53161,3.71843
1839.93155,3.85596
1840.33150,3.98338
1840.73145,4.11081
1841.13139,4.23300
1841.53134,4.32616
1841.93128,4.41934
1842.33123,4.51254
1842.73118,4.62048
1843.13112,4.75028
1843.53107,4.88008
1843.93101,5.00991
1844.33096,5.15960
1844.73091,5.31987
1845.13085,5.48015
1845.53080,5.64046
1845.93074,5.73471
1846.33069,5.82180
1846.73064,5.90891
1847.13058,5.90591
1847.53053,5.48234
1847.93047,5.05877
1848.33042,4.63524
1848.73037,4.21853
1849.13031,3.81100
1849.53026,3.40348
1849.93020,2.99599
1850.33015,2.78215
1850.73010,2.66135
1851.13004,2.54057
1851.52999,2.41982
1851.92993,2.09620
1852.32988,1.75615
1852.72983,1.41612
1853.12977,1.09291
1853.52972,0.83722
1853.92966,0.58156
1854.32961,0.32591
1854.72956,0.16748
1855.12950,0.12838
1855.52945,0.08929
1855.92939,0.05022
1856.32934,0.18054
1856.72929,0.38401
1857.12923,0.58749
1857.52918,0.79100
1857.92912,0.97653
1858.32907,1.16158
1858.72902,1.34664
1859.12896,1.48048
1859.52891,1.43523
1859.92885,1.38999
1860.32880,1.34478
1860.72875,1.36281
1861.12869,1.44486
1861.52864,1.52692
1861.92858,1.60900
1862.32853,1.92803
1862.72848,2.32756
1863.12842,2.72712
1863.52837,3.12682
1863.92831,3.53257
1864.32826,3.93832
1864.72821,4.34410
1865.12815,4.62017
1865.52810,4.54630
1865.92804,4.47244
1866.32799,4.39861
1866.72794,4.34424
1867.12788,4.30613
1867.52783,4.26805
1867.92777,4.22998
1868.32772,4.17392
1868.72767,4.11322
1869.12761,4.05253
1869.52756,3.98948
1869.92750,3.89412
1870.32745,3.79879
1870.72740,3.70347
1871.12734,3.59454
1871.52729,3.45955
1871.92723,3.32456
1872.32718,3.18959
1872.72713,3.03779
1873.12707,2.87445
1873.52702,2.71111
1873.92696,2.54780
1874.32691,2.38885
1874.72686,2.23060
1875.12680,2.07237
1875.52675,1.91479
1875.92669,1.76110
1876.32664,1.60743
1876.72659,1.45378
1877.12653,1.29540
1877.52648,1.13040
1877.92642,0.96541
1878.32637,0.80046
1878.72632,0.72737
1879.12626,0.70039
1879.52621,0.67343
1879.92615,0.64650
1880.32610,0.79907
1880.72605,0.96304
1881.12599,1.12703
1881.52594,1.28655
1881.92588,1.42965
1882.32583,1.57276
1882.72578,1.71588
1883.12572,1.84952
1883.52567,1.97323
1883.92561,2.09696
1884.32556,2.22070
1884.72551,2.35185
1885.12545,2.48531
1885.52540,2.61878
1885.92534,2.75307
1886.32529,2.90765
1886.72524,3.06225
1887.12518,3.21687
1887.52513,3.37735
1887.92507,3.55065
1888.32502,3.72398
1888.72497,3.89732
1889.12491,4.03604
1889.52486,4.15042
1889.92480,4.26483
1890.32475,4.37926
1890.72470,4.44034
1891.12464,4.49287
1891.52459,4.54543
1891.92453,4.58654
1892.32448,4.55499
1892.72443,4.52346
1893.12437,4.49194
1893.52432,4.43497
1893.92426,4.34150
1894.32421,4.24803
1894.72416,4.15459
1895.12410,3.95017
1895.52405,3.69479
1895.92399,3.43944
1896.32394,3.18411
1896.72389,2.90337
1897.12383,2.62158
1897.52378,2.33981
1897.92372,2.11188
1898.32367,2.05976
1898.72362,2.00768
1899.12356,1.95560
1899.52351,1.94017
1899.92345,1.95673
1900.32340,1.97331
1900.72335,1.98991
1901.12329,1.98401
1901.52324,1.97278
1901.92318,1.96159
1902.32313,1.95720
1902.72308,2.02809
1903.12302,2.09900
1903.52297,2.16992
1903.92291,2.25333
1904.32286,2.35916
1904.72281,2.46501
1905.12275,2.57087
1905.52270,2.72358
1905.92264,2.90076
1906.32259,3.07795
1906.72254,3.25516
1907.12248,3.46583
1907.52243,3.67900
1907.92237,3.89217
1908.32232,4.12523
1908.72227,4.42451
1909.12221,4.72381
1909.52216,5.02313
1909.92210,5.21184
1910.32205,5.29227
1910.72200,5.37272
1911.12194,5.45320
1911.52189,5.41805
1911.92183,5.35027
1912.32178,5.28250
1912.72173,5.20203
1913.12167,4.97386
1913.52162,4.74571
1913.92156,4.51758
1914.32151,4.23922
1914.72146,3.86912
1915.12140,3.49904
1915.52135,3.12898
1915.92129,2.78731
1916.32124,2.46070
1916.72119,2.13411
1917.12113,1.80755
1917.52108,1.78845
1917.92102,1.79330
1918.32097,1.79816
1918.72092,1.78757
1919.12086,1.72443
1919.52081,1.66129
1919.92075,1.59817
1920.32070,1.73446
1920.72065,2.06873
1921.12059,2.40300
1921.52054,2.73730
1921.92048,3.09127
1922.32043,3.45015
1922.72038,3.80903
1923.12032,4.14212
1923.52027,4.24490
1923.92021,4.34770
1924.32016,4.45051
1924.72011,4.55140
1925.12005,4.64906
1925.52000,4.74675
1925.91994,4.84445
1926.31989,4.91249
1926.71984,4.96624
1927.11978,5.02000
1927.51973,5.07378
1927.91967,4.91560
1928.31962,4.75185
1928.71957,4.58812
1929.11951,4.41839
1929.51946,4.23046
1929.91940,4.04255
1930.31935,3.85466
1930.71930,3.74007
1931.11924,3.68588
1931.51919,3.63171
1931.91913,3.57756
1932.31908,3.63717
1932.71903,3.71722
1933.11897,3.79731
1933.51892,3.88689
1933.91886,4.03146
1934.31881,4.17604
1934.71876,4.32064
1935.11870,4.46334
1935.51865,4.60368
1935.91859,4.74405
1936.31854,4.88442
1936.71849,5.07406
1937.11843,5.28046
1937.51838,5.48687
1937.91832,5.69437
1938.31827,5.95218
1938.71822,6.21002
1939.11816,6.46786
1939.51811,6.64034
1939.91805,6.63166
1940.31800,6.62297
1940.71795,6.61432
1941.11789,6.52747
1941.51784,6.39268
1941.91778,6.25791
1942.31773,6.12315
1942.71768,6.04133
1943.11762,5.96417
1943.51757,5.88704
1943.91751,5.81577
1944.31746,5.76539
1944.71741,5.71504
1945.11735,5.66470
1945.51730,5.65512
1945.91724,5.68340
1946.31719,5.71170
1946.71714,5.74004
1947.11708,5.04184
1947.51703,4.20815
1947.91697,3.37449
1948.31692,2.63653
1948.71687,2.47525
1949.11681,2.31398
1949.51676,2.15273
1949.91670,2.32647
1950.31665,2.92340
1950.71660,3.52036
1951.11654,4.11733
1951.51649,4.51325
1951.91643,4.83902
1952.31638,5.16482
1952.71633,5.47390
1953.11627,5.38966
1953.51622,5.30544
1953.91616,5.22123
1954.31611,5.15431
1954.71606,5.12086
1955.11600,5.08743
1955.51595,5.05402
1955.91589,5.04924
1956.31584,5.06058
1956.71579,5.07195
1957.11573,5.08332
1957.51568,5.11264
1957.91562,5.14263
1958.31557,5.17265
1958.71552,5.20364
1959.11546,5.23731
1959.51541,5.27100
1959.91535,5.30472
1960.31530,5.35547
1960.71525,5.41942
1961.11519,5.48339
1961.51514,5.54738
1961.91508,5.55157
1962.31503,5.54821
1962.71498,5.54486
1963.11492,5.52948
1963.51487,5.46175
1963.91481,5.39404
1964.31476,5.32635
1964.71471,5.22572
1965.11465,5.09371
1965.51460,4.96171
1965.91454,4.82973
1966.31449,4.30465
1966.71444,3.68816
1967.11438,3.07170
1967.51433,2.45913
1967.91427,1.87120
1968.31422,1.28328
1968.71417,0.69540
1969.11411,0.31738
1969.51406,0.21156
1969.91400,0.10578
1970.31395,0.00000
1970.71390,0.07306
1971.11384,0.21417
1971.51379,0.35530
1971.91373,0.51714
1972.31368,1.00703
1972.71363,1.49693
1973.11357,1.98684
1973.51352,2.50255
1973.91346,3.05962
1974.31341,3.61671
1974.71336,4.17383
1975.11330,4.43785
1975.51325,4.56608
1975.91319,4.69434
1976.31314,4.82164
1976.71309,4.69277
1977.11303,4.56495
1977.51298,4.43715
1977.91292,4.29519
1978.31287,4.12132
1978.71282,3.94745
1979.11276,3.77361
1979.51271,3.68668
1979.91265,3.65038
1980.31260,3.61410
1980.71255,3.57785
1981.11249,3.46855
1981.51244,3.35593
1981.91238,3.24333
1982.31233,3.11133
1982.71228,2.92966
1983.11222,2.74800
1983.51217,2.56636
1983.91211,2.43688
1984.31206,2.34513
1984.71201,2.25340
1985.11195,2.16169
1985.51190,2.20205
1985.91184,2.25631
1986.31179,2.31060
1986.71174,2.37944
1987.11168,2.49718
1987.51163,2.61494
1987.91157,2.73272
1988.31152,2.88428
1988.71147,3.06304
1989.11141,3.24182
1989.51136,3.42061
1989.91130,3.60256
1990.31125,3.78497
1990.71120,3.96739
1991.11114,4.11201
1991.51109,4.10805
1991.91103,4.10412
1992.31098,4.10019
1992.71093,4.12476
1993.11087,4.17756
1993.51082,4.23035
1993.91076,4.28318
1994.31071,4.31859
1994.71066,4.35036
1995.11060,4.38215
1995.51055,4.41077
1995.91049,4.42149
1996.31044,4.43223
1996.71039,4.44298
1997.11033,4.45073
1997.51028,4.45514
1997.91022,4.45955
1998.31017,4.46399
1998.71012,4.46652
1999.11006,4.46858
1999.51001,4.47067
1999.90995,4.47402
2000.30990,4.48455
2000.70984,4.49509
2001.10979,4.50565
2001.50974,4.51546
2001.90968,4.52442
2002.30963,4.53341
2002.70957,4.54241
2003.10952,4.47963
2003.50947,4.39882
2003.90941,4.31801
2004.30936,4.24743
2004.70930,4.24932
2005.10925,4.25124
2005.50920,4.25316
2005.90914,4.26473
2006.30909,4.28815
2006.70903,4.31161
2007.10898,4.33508
2007.50893,4.51198
2007.90887,4.73411
2008.30882,4.95624
2008.70876,5.19353
2009.10871,5.57184
2009.50866,5.95016
2009.90860,6.32849
2010.30855,6.58797
2010.70849,6.70007
2011.10844,6.81217
2011.50839,6.92431
2011.90833,6.71403
2012.30828,6.40797
2012.70822,6.10193
2013.10817,5.78149
2013.50812,5.32445
2013.90806,4.86740
2014.30801,4.41039
2014.70795,3.99788
2015.10790,3.64687
2015.50785,3.29588
2015.90779,2.94490
2016.30774,2.54795
2016.70768,2.13725
2017.10763,1.72655
2017.50758,1.34368
2017.90752,1.22877
2018.30747,1.11387
2018.70741,0.99899
2019.10736,0.99413
2019.50731,1.12732
2019.90725,1.26053
2020.30720,1.39376
2020.70714,1.51878
2021.10709,1.64133
2021.50704,1.76390
2021.90698,1.87458
2022.30693,1.89585
2022.70687,1.91712
2023.10682,1.93842
2023.50677,1.97908
2023.90671,2.04418
2024.30666,2.10929
2024.70660,2.17444
2025.10655,2.26424
2025.50650,2.36056
2025.90644,2.45689
2026.30639,2.55706
2026.70633,2.68634
2027.10628,2.81564
2027.50623,2.94497
2027.90617,3.06965
2028.30612,3.18900
2028.70606,3.30837
2029.10601,3.42776
2029.50596,3.53801
2029.90590,3.64584
2030.30585,3.75367
2030.70579,3.85883
2031.10574,3.94728
2031.50569,4.03575
2031.90563,4.12425
2032.30558,4.21415
2032.70552,4.30553
2033.10547,4.39693
2033.50542,4.48835
2033.90536,4.35599
2034.30531,4.17233
2034.70525,3.98869
2035.10520,3.81554
2035.50515,3.69609
2035.90509,3.57667
2036.30504,3.45726
2036.70498,3.25904
2037.10493,2.98586
2037.50488,2.71270
2037.90482,2.43956
2038.30477,2.11707
2038.70471,1.78670
2039.10466,1.45635
2039.50461,1.17613
2039.90455,1.11451
2040.30450,1.05290
2040.70444,0.99132
2041.10439,1.05215
2041.50434,1.21892
2041.90428,1.38573
2042.30423,1.55255
2042.70417,1.36557
2043.10412,1.13289
2043.50407,0.90023
2043.90401,0.81334
2044.30396,1.20076
2044.70390,1.58822
2045.10385,1.97569
2045.50380,2.23253
2045.90374,2.39657
2046.30369,2.56062
2046.70363,2.72468
2047.10358,2.71583
2047.50353,2.69478
2047.90347,2.67376
2048.30342,2.61589
2048.70336,2.45232
2049.10331,2.28877
2049.50326,2.12524
2049.90320,2.65993
2050.30315,3.59927
2050.70309,4.53864
2051.10304,5.47802
2051.50299,5.87406
2051.90293,6.26052
2052.30288,6.64699
2052.70282,7.01634
2053.10277,7.35123
2053.50272,7.68615
2053.90266,8.02108
2054.30261,7.93276
2054.70255,7.64673
2055.10250,7.36070
2055.50245,7.07435
2055.90239,6.77687
2056.30234,6.47940
2056.70228,6.18195
2057.10223,5.93691
2057.50218,5.77712
2057.90212,5.61736
2058.30207,5.45762
2058.70201,5.29024
2059.10196,5.12003
2059.50191,4.94985
2059.90185,4.81588
2060.30180,5.09997
2060.70174,5.38409
2061.10169,5.66823
2061.50164,5.79525
2061.90158,5.71327
2062.30153,5.63131
2062.70147,5.54937
2063.10142,5.37404
2063.50137,5.17591
2063.90131,4.97782
2064.30126,4.77646
2064.70120,4.55705
2065.10115,4.33767
2065.50110,4.11831
2065.90104,3.62447
2066.30099,2.85908
2066.70093,2.09372
2067.10088,1.32836
2067.50083,0.98790
2067.90077,0.72115
2068.30072,0.45442
2068.70066,0.23225
2069.10061,0.16206
2069.50056,0.09187
2069.90050,0.02172
2070.30045,0.00000
2070.70039,0.00529
2071.10034,0.01060
2071.50029,0.01593
2071.90023,0.32656
2072.30018,0.66171
2072.70012,0.99689
2073.10007,1.33317
2073.50002,1.67203
2073.89996,2.01091
2074.29991,2.34981
2074.69985,2.71542
2075.09980,3.09544
2075.49975,3.47549
2075.89969,3.85308
2076.29964,4.13126
2076.69958,4.40946
2077.09953,4.68768
2077.49948,4.94009
2077.89942,5.14923
2078.29937,5.35840
2078.69931,5.56758
2079.09926,5.63146
2079.49921,5.64645
2079.89915,5.66148
2080.29910,5.66992
2080.69904,5.61750
2081.09899,5.56509
2081.49894,5.51271
2081.89888,5.43617
2082.29883,5.33267
2082.69877,5.22917
2083.09872,5.12570
2083.49867,5.00207
2083.89861,4.87481
2084.29856,4.74756
2084.69850,4.63239
2085.09845,4.56664
2085.49840,4.50091
2085.89834,4.43520
2086.29829,4.38992
2086.69823,4.36004
2087.09818,4.33017
2087.49813,4.30033
2087.89807,4.07167
2088.29802,3.82582
2088.69796,3.57998
2089.09791,3.32977
2089.49786,3.06905
2089.89780,2.80835
2090.29775,2.54768
2090.69769,2.35651
2091.09764,2.19972
2091.49759,2.04295
2091.89753,1.89818
2092.29748,2.01485
2092.69742,2.13152
2093.09737,2.24824
2093.49732,2.31833
2093.89726,2.31655
2094.29721,2.31479
2094.69715,2.31304
2095.09710,2.43420
2095.49705,2.59252
2095.89699,2.75086
2096.29694,2.92446
2096.69688,3.18990
2097.09683,3.45535
2097.49678,3.72082
2097.89672,4.10472
2098.29667,4.59932
2098.69661,5.09395
2099.09656,5.58860
2099.49651,5.38416
2099.89645,5.09457
2100.29640,4.80500
2100.69634,4.58492
2101.09629,4.55666
2101.49624,4.52843
2101.89618,4.50021
2102.29613,4.42528
2102.69607,4.32413
2103.09602,4.22299
2103.49597,4.12314
2103.89591,4.10683
2104.29586,4.09053
2104.69580,4.07426
2105.09575,4.11935
2105.49570,4.26063
2105.89564,4.40195
2106.29559,4.54327
2106.69553,4.64013
2107.09548,4.72327
2107.49543,4.80643
2107.89537,4.88541
2108.29532,4.93832
2108.69526,4.99125
2109.09521,5.04420
2109.49516,5.03254
2109.89510,4.95952
2110.29505,4.88653
2110.69499,4.81356
2111.09494,4.57058
2111.49489,4.30606
2111.89483,4.04156
2112.29478,3.77461
2112.69472,3.50070
2113.09467,3.22682
2113.49462,2.95297
2113.89456,2.77563
2114.29451,2.65343
2114.69445,2.53125
2115.09440,2.40946
2115.49435,2.32064
2115.89429,2.23184
2116.29424,2.14306
2116.69418,2.08993
2117.09413,2.08799
2117.49408,2.08606
2117.89402,2.08416
2118.29397,2.10797
2118.69391,2.13884
2119.09386,2.16973
2119.49381,2.19219
2119.89375,2.17016
2120.29370,2.14816
2120.69364,2.12617
2121.09359,2.11418
2121.49354,2.11091
2121.89348,2.10766
2122.29343,2.10444
2122.69337,2.19407
2123.09332,2.29033
2123.49327,2.38661
2123.89321,2.49073
2124.29316,2.61246
2124.69310,2.73419
2125.09305,2.85595
2125.49300,2.88821
2125.89294,2.87885
2126.29289,2.86950
2126.69283,2.85817
2127.09278,2.82429
2127.49273,2.79043
2127.89267,2.75659
2128.29262,2.75438
2128.69256,2.78978
2129.09251,2.82520
2129.49246,2.86066
2129.89240,2.92323
2130.29235,2.99037
2130.69229,3.05754
2131.09224,3.13213
2131.49219,3.23143
2131.89213,3.33077
2132.29208,3.43012
2132.69202,3.56178
2133.09197,3.71242
2133.49192,3.86306
2133.89186,4.01304
2134.29181,4.09695
2134.69175,4.18050
2135.09170,4.26407
2135.49165,4.32902
2135.89159,4.36651
2136.29154,4.40401
2136.69148,4.44153
2137.09143,4.48185
2137.49138,4.52298
2137.89132,4.56414
2138.29127,4.60456
2138.69121,4.64149
2139.09116,4.67844
2139.49111,4.71540
2139.89105,4.79490
2140.29100,4.90882
2140.69094,5.02276
2141.09089,5.13673
2141.49084,5.34222
2141.89078,5.55232
2142.29073,5.76243
2142.69067,5.88734
2143.09062,5.85519
2143.49057,5.82307
2143.89051,5.79096
2144.29046,5.71946
2144.69040,5.63494
2145.09035,5.55042
2145.49030,5.46003
2145.89024,5.32867
2146.29019,5.19732
2146.69013,5.06600
2147.09008,4.93901
2147.49003,4.81592
2147.88997,4.69285
2148.28992,4.56980
2148.68986,4.43348
2149.08981,4.29612
2149.48976,4.15877
2149.88970,4.02265
2150.28965,3.88911
2150.68959,3.75560
2151.08954,3.62209
2151.48949,3.53338
2151.88943,3.46177
2152.28938,3.39019
2152.68932,3.35823
2153.08927,3.68966
2153.48922,4.02110
2153.88916,4.35255
2154.28911,4.38776
2154.68905,4.12415
2155.08900,3.86055
2155.48895,3.59697
2155.88889,3.38416
2156.28884,3.17717
2156.68878,2.97020
2157.08873,2.74271
2157.48868,2.46659
2157.88862,2.19049
2158.28857,1.91442
2158.68851,1.61549
2159.08846,1.30662
2159.48841,0.99776
2159.88835,0.72090
2160.28830,0.74548
2160.68824,0.77009
2161.08819,0.79472
2161.48814,0.92096
2161.88808,1.15070
2162.28803,1.38047
2162.68797,1.61025
2163.08792,2.12550
2163.48787,2.67428
2163.88781,3.22308
2164.28776,3.62805
2164.68770,3.68834
2165.08765,3.74864
2165.48760,3.80898
2165.88754,3.69432
2166.28749,3.50249
2166.68743,3.31069
2167.08738,3.13466
2167.48733,3.07588
2167.88727,3.01711
2168.28722,2.95837
2168.68716,2.98852
2169.08711,3.10141
2169.48706,3.21430
2169.88700,3.32723
2170.28695,3.46855
2170.68689,3.61246
2171.08684,3.75638
2171.48679,3.83577
2171.88673,3.77615
2172.28668,3.71654
2172.68662,3.65696
2173.08657,3.61796
2173.48652,3.58713
2173.88646,3.55632
2174.28641,3.53799
2174.68635,3.59562
2175.08630,3.65327
2175.48625,3.71094
2175.88619,3.78925
2176.28614,3.88508
2176.68608,3.98094
2177.08603,4.07683
2177.48598,4.34960
2177.88592,4.63368
2178.28587,4.91778
2178.68581,5.18185
2179.08576,5.41104
2179.48571,5.64023
2179.88565,5.86945
2180.28560,6.00499
2180.68554,6.11162
2181.08549,6.21828
2181.48544,6.30046
2181.88538,6.25744
2182.28533,6.21444
2182.68527,6.17146
2183.08522,6.25774
2183.48517,6.43456
2183.88511,6.61139
2184.28506,6.78824
2184.68500,6.72606
2185.08495,6.66090
2185.48490,6.59577
2185.88484,6.45366
2186.28479,6.20175
2186.68473,5.94985
2187.08468,5.69798
2187.48463,5.55067
2187.88457,5.42765
2188.28452,5.30464
2188.68446,5.20872
2189.08441,5.20039
2189.48436,5.19207
2189.88430,5.18376
2190.28425,5.28052
2190.68419,5.43748
2191.08414,5.59446
2191.48409,5.75689
2191.88403,6.00436
2192.28398,6.25184
2192.68392,6.49934
2193.08387,6.77722
2193.48382,7.08738
2193.88376,7.39757
2194.28371,7.70777
2194.68365,7.86347
2195.08360,7.99896
2195.48355,8.13446
2195.88349,8.15158
2196.28344,7.90362
2196.68338,7.65567
2197.08333,7.40775
2197.48328,7.04842
2197.88322,6.64323
2198.28317,6.23805
2198.68311,5.85966
2199.08306,5.65612
2199.48301,5.45261
2199.88295,5.24910
2200.28290,5.12430
2200.68284,5.06202
2201.08279,4.99975
2201.48274,4.93750
2201.88268,4.98710
2202.28263,5.03877
2202.68257,5.09048
2203.08252,5.16443
2203.48247,5.27091
2203.88241,5.37740
2204.28236,5.48391
2204.68230,5.52921
2205.08225,5.55977
2205.48220,5.59034
2205.88214,5.62629
2206.28209,5.68015
2206.68203,5.73403
2207.08198,5.78792
2207.48193,5.81507
2207.88187,5.82815
2208.28182,5.84124
2208.68176,5.84860
2209.08171,5.78935
2209.48166,5.73011
2209.88160,5.67090
2210.28155,5.63603
2210.68149,5.62513
2211.08144,5.61424
2211.48139,5.60338
2211.88133,5.61999
2212.28128,5.63872
2212.68122,5.65747
2213.08117,5.66823
2213.48112,5.66431
2213.88106,5.66041
2214.28101,5.65654
2214.68095,5.66379
2215.08090,5.67424
2215.48085,5.68471
2215.88079,5.66914
2216.28074,5.55060
2216.68068,5.43209
2217.08063,5.31358
2217.48058,5.00470
2217.88052,4.58234
2218.28047,4.16000
2218.68041,3.74079
2219.08036,3.37953
2219.48031,3.01830
2219.88025,2.65709
2220.28020,2.39606
2220.68014,2.24552
2221.08009,2.09499
2221.48004,1.94447
2221.87998,2.13809
2222.27993,2.36991
2222.67987,2.60177
2223.07982,2.89859
2223.47977,3.33059
2223.87971,3.76262
2224.27966,4.19466
2224.67960,4.59698
2225.07955,4.99066
2225.47950,5.38435
2225.87944,5.75121
2226.27939,6.00971
2226.67933,6.26824
2227.07928,6.52678
2227.47923,6.68722
2227.87917,6.78834
2228.27912,6.88948
2228.67906,6.98435
2229.07901,6.95367
2229.47896,6.92301
2229.87890,6.89237
2230.27885,6.69469
2230.67879,6.32810
2231.07874,5.96151
2231.47869,5.59496
2231.87863,5.15738
2232.27858,4.71377
2232.67852,4.27018
2233.07847,3.92426
2233.47842,3.76274
2233.87836,3.60124
2234.27831,3.43975
2234.67825,3.33291
2235.07820,3.24010
2235.47815,3.14732
2235.87809,3.08321
2236.27804,3.12055
2236.67798,3.15791
2237.07793,3.19529
2237.47788,3.20019
2237.87782,3.18908
2238.27777,3.17798
2238.67771,3.18848
2239.07766,3.40624
2239.47761,3.62400
2239.87755,3.84179
2240.27750,3.90400
2240.67744,3.82191
2241.07739,3.73983
2241.47734,3.65778
2241.87728,3.21329
2242.27723,2.75697
2242.67717,2.30065
2243.07712,1.92209
2243.47707,1.66365
2243.87701,1.40522
2244.27696,1.14682
2244.67690,1.12632
2245.07685,1.15033
2245.47680,1.17438
2245.87674,1.28668
2246.27669,1.64135
2246.67663,1.99605
2247.07658,2.35077
2247.47653,2.70704
2247.87647,3.06394
2248.27642,3.42086
2248.67636,3.76548
2249.07631,4.04823
2249.47626,4.33101
2249.87620,4.61379
2250.27615,4.80514
2250.67609,4.93303
2251.07604,5.06096
2251.47599,5.18101
2251.87593,5.11125
2252.27588,5.04152
2252.67582,4.97180
2253.07577,4.76684
2253.47572,4.42082
2253.87566,4.07483
2254.27561,3.72887
2254.67555,3.53158
2255.07550,3.34397
2255.47545,3.15638
2255.87539,3.01567
2256.27534,2.95703
2256.67528,2.89839
2257.07523,2.83979
2257.47518,2.86486
2257.87512,2.90917
2258.27507,2.95351
2258.67501,2.98817
2259.07496,2.99559
2259.47491,3.00304
2259.87485,3.01049
2260.27480,3.03384
2260.67474,3.06362
2261.07469,3.09341
2261.47464,3.12411
2261.87458,3.15932
2262.27453,3.19455
2262.67447,3.22981
2263.07442,3.26055
2263.47437,3.28845
2263.87431,3.31636
2264.27426,3.35389
2264.67420,3.65092
2265.07415,3.94797
2265.47410,4.24504
2265.87404,4.46435
2266.27399,4.60114
2266.67393,4.73795
2267.07388,4.87478
2267.47383,4.94614
2267.87377,5.01292
2268.27372,5.07974
2268.67366,5.13953
2269.07361,5.18808
2269.47356,5.23664
2269.87350,5.28523
2270.27345,5.24978
2270.67339,5.19760
2271.07334,5.14543
2271.47329,5.07326
2271.87323,4.95041
2272.27318,4.82757
2272.67312,4.70477
2273.07307,4.56214
2273.47302,4.41230
2273.87296,4.26249
2274.27291,4.13277
2274.67285,4.07991
2275.07280,4.02706
2275.47275,3.97424
2275.87269,3.92118
2276.27264,3.86803
2276.67258,3.81489
2277.07253,3.78595
2277.47248,3.96017
2277.87242,4.13441
2278.27237,4.30867
2278.67231,4.54746
2279.07226,4.83780
2279.47221,5.12816
2279.87215,5.41703
2280.27210,5.77197
2280.67204,6.12508
2281.07199,6.47822
2281.47194,6.85269
2281.87188,7.25275
2282.27183,7.65281
2282.67177,8.05289
2283.07172,8.41212
2283.47167,8.76828
2283.87161,9.12444
2284.27156,9.48369
2284.67150,9.84798
2285.07145,10.21229
2285.47140,10.57662
2285.87134,10.88269
2286.27129,11.17673
2286.67123,11.47078
2287.07118,11.65347
2287.47113,11.57996
2287.87107,11.50645
2288.27102,11.43297
2288.67096,11.14536
2289.07091,10.78733
2289.47086,10.42932
2289.87080,10.04681
2290.27075,9.56747
2290.67069,9.08815
2291.07064,8.60884
2291.47059,8.12197
2291.87053,7.63146
2292.27048,7.14099
2292.67042,6.66021
2293.07037,6.24646
2293.47032,5.83274
2293.87026,5.41903
2294.27021,5.04896
2294.67015,4.70790
2295.07010,4.36687
2295.47005,4.03122
2295.86999,3.79733
2296.26994,3.56346
2296.66988,3.32961
2297.06983,3.20430
2297.46978,3.17734
2297.86972,3.15039
2298.26967,3.12347
2298.66961,3.25513
2299.06956,3.39101
2299.46951,3.52692
2299.86945,3.72120
2300.26940,3.98721
2300.66934,4.25323
2301.06929,4.51927
2301.46924,4.72227
2301.86918,4.91814
2302.26913,5.11403
2302.66907,5.23452
2303.06902,5.22810
2303.46897,5.22170
2303.86891,5.21532
2304.26886,5.24926
2304.66880,5.29192
2305.06875,5.33460
2305.46870,5.38426
2305.86864,5.45041
2306.26859,5.51658
2306.66853,5.58276
2307.06848,5.62473
2307.46843,5.65952
2307.86837,5.69434
2308.26832,5.71914
2308.66826,5.71316
2309.06821,5.70721
2309.46816,5.70125
2309.86810,5.61246
2310.26805,5.48739
2310.66799,5.36233
2311.06794,5.21309
2311.46789,4.94560
2311.86783,4.67813
2312.26778,4.41067
2312.66772,4.12710
2313.06767,3.83467
2313.46762,3.54225
2313.86756,3.19739
2314.26751,2.46389
2314.66745,1.73041
2315.06740,0.99695
2315.46735,0.56611
2315.86729,0.36503
2316.26724,0.16397
2316.66718,0.00000
2317.06713,0.62885
2317.46708,1.25773
2317.86702,1.88662
2318.26697,2.64518
2318.66691,3.52467
2319.06686,4.40417
2319.46681,5.29087
2319.86675,5.97626
2320.26670,6.66737
2320.66664,7.35849
2321.06659,7.80667
2321.46654,7.97707
2321.86648,8.14749
2322.26643,8.31793
2322.66637,8.20835
2323.06632,8.08126
2323.46627,7.95418
2323.86621,7.80331
2324.26616,7.61898
2324.66610,7.43466
2325.06605,7.25036
2325.46600,7.15553
2325.86594,7.07177
2326.26589,6.98803
2326.66583,6.86579
2327.06578,6.67645
2327.46573,6.48712
2327.86567,6.29784
2328.26562,6.53746
2328.66556,6.85930
2329.06551,7.18117
2329.46546,7.52388
2329.86540,7.91220
2330.26535,8.30053
2330.66529,8.68888
2331.06524,8.86132
2331.46519,8.98418
2331.86513,9.10706
2332.26508,9.18954
2332.66502,9.17203
2333.06497,9.15452
2333.46492,9.13704
2333.86486,8.97445
2334.26481,8.76659
2334.66475,8.55875
2335.06470,8.31017
2335.46465,7.93023
2335.86459,7.55030
2336.26454,7.17039
2336.66448,6.72590
2337.06443,6.25522
2337.46438,5.78455
2337.86432,5.31502
2338.26427,4.84962
2338.66421,4.38426
2339.06416,3.91891
2339.46411,3.57706
2339.86405,3.29192
2340.26400,3.00680
2340.66394,2.75185
2341.06389,2.65535
2341.46384,2.55885
2341.86378,2.46238
2342.26373,2.42078
2342.66367,2.41082
2343.06362,2.40087
2343.46357,2.43131
2343.86351,2.72273
2344.26346,3.01418
2344.66340,3.30565
2345.06335,3.61114
2345.46330,3.92567
2345.86324,4.24021
2346.26319,4.54784
2346.66313,4.79819
2347.06308,5.04855
2347.46303,5.29894
2347.86297,5.58620
2348.26292,5.89989
2348.66286,6.21360
2349.06281,6.51914
2349.46276,6.73327
2349.86270,6.94740
2350.26265,7.16157
2350.66259,7.30892
2351.06254,7.40304
2351.46249,7.49718
2351.86243,7.58223
2352.26238,7.38289
2352.66232,7.18358
2353.06227,6.98427
2353.46222,6.64805
2353.86216,6.19071
2354.26211,5.73338
2354.66205,5.27136
2355.06200,4.65731
2355.46195,4.04330
2355.86189,3.42929
2356.26184,3.10496
2356.66178,3.06491
2357.06173,3.02490
2357.46168,2.98499
2357.86162,3.40774
2358.26157,3.82866
2358.66151,4.24961
2359.06146,4.59547
2359.46141,4.85959
2359.86135,5.12372
2360.26130,5.38788
2360.66124,5.61480
2361.06119,5.84091
2361.46114,6.06704
2361.86108,6.28328
2362.26103,6.48870
2362.66097,6.69415
2363.06092,6.89962
2363.46087,6.99272
2363.86081,7.08324
2364.26076,7.17376
2364.66070,7.23155
2365.06065,7.24959
2365.46060,7.26766
2365.86054,7.28574
2366.26049,7.21486
2366.66043,7.13945
2367.06038,7.06406
2367.46033,6.84432
2367.86027,6.44879
2368.26022,6.05327
2368.66016,5.65778
2369.06011,5.15078
2369.46006,4.63798
2369.86000,4.12520
2370.25995,3.80878
2370.65989,3.75810
2371.05984,3.70744
2371.45979,3.65679
2371.85973,3.91702
2372.25968,4.20265
2372.65962,4.48831
2373.05957,4.88014
2373.45952,5.41620
2373.85946,5.95228
2374.25941,6.48838
2374.65935,7.10563
2375.05930,7.72961
2375.45925,8.35362
2375.85919,8.80876
2376.25914,9.03360
2376.65908,9.25845
2377.05903,9.48333
2377.45898,8.60449
2377.85892,7.63302
2378.25887,6.66157
2378.65881,5.63686
2379.05876,4.53921
2379.45871,3.44158
2379.85865,2.34397
2380.25860,2.33753
2380.65854,2.42391
2381.05849,2.51031
2381.45844,2.89173
2381.85838,3.67864
2382.25833,4.46559
2382.65827,5.25253
2383.05822,5.71698
2383.45817,6.15363
2383.85811,6.59033
2384.25806,6.72965
2384.65800,6.45868
2385.05795,6.18771
2385.45790,5.91678
2385.85784,5.55960
2386.25779,5.19491
2386.65773,4.83025
2387.05768,4.53626
2387.45763,4.33066
2387.85757,4.12508
2388.25752,3.91951
2388.65746,3.90794
2389.05741,3.90793
2389.45736,3.90795
2389.85730,3.93020
2390.25725,3.98039
2390.65719,4.03060
2391.05714,4.08082
2391.45709,4.01515
2391.85703,3.94245
2392.25698,3.86978
2392.65692,3.83039
2393.05687,3.83295
2393.45682,3.83552
2393.85676,3.83811
2394.25671,4.10692
2394.65665,4.38486
2395.05660,4.66282
2395.45655,4.94144
2395.85649,5.22080
2396.25644,5.50020
2396.65638,5.77959
2397.05633,5.97256
2397.45628,6.16249
2397.85622,6.35245
2398.25617,6.52832
2398.65611,6.68959
2399.05606,6.85086
2399.45601,7.01394
2399.85595,7.12763
2400.25590,7.24266
2400.65584,7.35770
2401.05579,7.43677
2401.45574,7.47831
2401.85568,7.51987
2402.25563,7.56048
2402.65557,7.53292
2403.05552,7.50540
2403.45547,7.47788
2403.85541,7.42657
2404.25536,7.35272
2404.65530,7.27889
2405.05525,7.20414
2405.45520,7.10567
2405.85514,7.00723
2406.25509,6.90880
2406.65503,6.85712
2407.05498,6.84564
2407.45493,6.83418
2407.85487,6.83039
2408.25482,6.94194
2408.65476,7.05351
2409.05471,7.16510
2409.45466,7.22850
2409.85460,7.25431
2410.25455,7.28012
2410.65449,7.29216
2411.05444,7.15781
2411.45439,7.02350
2411.85433,6.88920
2412.25428,6.72864
2412.65422,6.54950
2413.05417,6.37039
2413.45412,6.19045
2413.85406,6.00373
2414.25401,5.81702
2414.65395,5.63034
2415.05390,5.38585
2415.45385,5.10815
2415.85379,4.83046
2416.25374,4.54691
2416.65368,4.22542
2417.05363,3.90396
2417.45358,3.58251
2417.85352,3.43478
2418.25347,3.37701
2418.65341,3.31923
2419.05336,3.29407
2419.45331,3.41392
2419.85325,3.53380
2420.25320,3.65369
2420.65314,3.86418
2421.05309,4.11204
2421.45304,4.35992
2421.85298,4.67850
2422.25293,5.26706
2422.65287,5.85564
2423.05282,6.44425
2423.45277,6.95572
2423.85271,7.43900
2424.25266,7.92230
2424.65260,8.29403
2425.05255,8.34242
2425.45250,8.39084
2425.85244,8.43926
2426.25239,8.09803
2426.65233,7.64757
2427.05228,7.19714
2427.45223,6.69346
2427.85217,6.06882
2428.25212,5.44419
2428.65206,4.81958
2429.05201,4.45356
2429.45196,4.14045
2429.85190,3.82737
2430.25185,3.67506
2430.65179,3.81525
2431.05174,3.95545
2431.45169,4.09569
2431.85163,4.80028
2432.25158,5.58243
2432.65152,6.36460
2433.05147,6.84881
2433.45142,6.84420
2433.85136,6.83961
2434.25131,6.83504
2434.65125,5.52111
2435.05120,4.06693
2435.45115,2.61278
2435.85109,1.57877
2436.25104,1.05249
2436.65098,0.52625
2437.05093,0.00000
2437.45088,0.11575
2437.85082,0.24648
2438.25077,0.37725
2438.65071,0.47496
2439.05066,0.53990
2439.45061,0.60485
2439.85055,0.66748
2440.25050,0.64390
2440.65044,0.62035
2441.05039,0.59681
2441.45034,0.60970
2441.85028,0.65229
2442.25023,0.69491
2442.65017,0.73754
2443.05012,0.78010
2443.45007,0.82267
2443.85001,0.86528
2444.24996,0.89663
2444.64990,0.92049
2445.04985,0.94435
2445.44980,0.96715
2445.84974,0.98236
2446.24969,0.99757
2446.64963,1.01282
2447.04958,1.01551
2447.44953,1.01217
2447.84947,1.00884
2448.24942,1.00301
2448.64936,0.98699
2449.04931,0.97100
2449.44926,0.95504
2449.84920,0.93336
2450.24915,0.90951
2450.64909,0.88569
2451.04904,0.85935
2451.44899,0.82535
2451.84893,0.79136
2452.24888,0.75740
2452.64882,0.72559
2453.04877,0.69434
2453.44872,0.66310
2453.84866,0.66631
2454.24861,0.74211
2454.64855,0.81792
2455.04850,0.89376
2455.44845,1.22359
2455.84839,1.59098
2456.24834,1.95839
2456.64828,2.35884
2457.04823,2.80973
2457.44818,3.26064
2457.84812,3.71157
2458.24807,4.00143
2458.64801,4.27735
2459.04796,4.55329
2459.44791,4.77260
2459.84785,4.92801
2460.24780,5.08344
2460.64774,5.23987
2461.04769,5.28560
2461.44764,5.33173
2461.84758,5.26635
2462.24753,5.14583
2462.64747,5.02532
2463.04742,4.86474
2463.44737,4.53719
2463.84731,4.20967
2464.24726,3.88215
2464.64720,3.50392
2465.04715,3.10578
2465.44710,2.70766
2465.84704,2.33662
2466.24699,2.05005
2466.64693,1.76351
2467.04688,1.47698
2467.44683,1.36480
2467.84677,1.29837
2468.24672,1.23197
2468.64666,1.26960
2469.04661,1.53165
2469.44656,1.79371
2469.84650,2.05581
2470.24645,2.41689
2470.64639,2.79667
2471.04634,3.17647
2471.44629,3.55461
2471.84623,3.92987
2472.24618,4.30516
2472.64612,4.68046
2473.04607,5.52809
2473.44602,6.41944
2473.84596,7.31081
2474.24591,8.10703
2474.64585,8.78204
2475.04580,9.45707
2475.44575,10.13211
2475.84569,10.22096
2476.24564,10.30353
2476.64558,10.38610
2477.04553,10.24820
2477.44548,9.90173
2477.84542,9.55528
2478.24537,9.19511
2478.64531,8.49142
2479.04526,7.78776
2479.44521,7.08411
2479.84515,6.39753
2480.24510,5.72292
2480.64504,5.04833
2481.04499,4.42561
2481.44494,4.21205
2481.84488,3.99851
2482.24483,3.78499
2482.64477,3.67357
2483.04472,3.61428
2483.44467,3.55503
2483.84461,3.51974
2484.24456,3.58895
2484.64450,3.65816
2485.04445,3.72740
2485.44440,3.87898
2485.84434,4.06009
2486.24429,4.24121
2486.64423,4.48111
2487.04418,4.88767
2487.44413,5.29425
2487.84407,5.70086
2488.24402,6.11469
2488.64396,6.53023
2489.04391,6.94579
2489.44386,7.21953
2489.84380,7.21130
2490.24375,7.20309
2490.64369,7.19490
2491.04364,7.04226
2491.44359,6.87074
2491.84353,6.69924
2492.24348,6.48139
2492.64342,6.20303
2493.04337,5.92468
2493.44332,5.64637
2493.84326,5.42350
2494.24321,5.20308
2494.64315,4.98267
2495.04310,4.78612
2495.44305,4.61266
2495.84299,4.43924
2496.24294,4.26719
2496.64288,4.11775
2497.04283,3.96831
2497.44278,3.81890
2497.84272,3.72039
2498.24267,3.65484
2498.64261,3.58931
2499.04256,3.55135
2499.44251,3.69547
2499.84245,3.83961
2500.24240,3.98377
2500.64234,4.46214
2501.04229,5.09712
2501.44224,5.73210
2501.84218,6.36209
2502.24213,6.97532
2502.64207,7.58858
2503.04202,8.20185
2503.44197,8.36137
2503.84191,8.39293
2504.24186,8.42451
2504.64180,8.51021
2505.04175,8.70599
2505.44170,8.90178
2505.84164,9.09759
2506.24159,9.38728
2506.64153,9.68990
2507.04148,9.99253
2507.44143,10.32231
2507.84137,10.68824
2508.24132,11.05421
2508.64126,11.42019
2509.04121,11.30125
2509.44116,11.17150
2509.84110,11.04176
2510.24105,10.81556
2510.64099,10.49390
2511.04094,10.17226
2511.44089,9.85099
2511.84083,9.53621
2512.24078,9.22144
2512.64072,8.90669
2513.04067,8.97600
2513.44062,9.27406
2513.84056,9.57211
2514.24051,9.92562
2514.64045,10.53808
2515.04040,11.15056
2515.44035,11.76307
2515.84029,11.97511
2516.24024,12.03591
2516.64018,12.09672
2517.04013,12.00397
2517.44008,11.50710
2517.84002,11.01024
2518.23997,10.51340
2518.63991,10.13827
2519.03986,9.78898
2519.43981,9.43973
2519.83975,9.15728
2520.23970,8.98647
2520.63964,8.81567
2521.03959,8.64490
2521.43954,8.53972
2521.83948,8.43996
2522.23943,8.34021
2522.63937,8.31625
2523.03932,8.37651
2523.43927,8.43679
2523.83921,8.49360
2524.23916,8.48128
2524.63910,8.46898
2525.03905,8.45669
2525.43900,8.44525
2525.83894,8.43440
2526.23889,8.42355
2526.63883,8.40792
2527.03878,8.36427
2527.43873,8.32065
2527.83867,8.27706
2528.23862,8.24249
2528.63856,8.21189
2529.03851,8.18130
2529.43846,8.15482
2529.83840,8.13934
2530.23835,8.12388
2530.63829,8.10844
2531.03824,8.10913
2531.43819,8.11335
2531.83813,8.11759
2532.23808,8.12594
2532.63802,8.14131
2533.03797,8.15668
2533.43792,8.17208
2533.83786,8.17360
2534.23781,8.17433
2534.63775,8.17507
2535.03770,8.15230
2535.43765,8.10543
2535.83759,8.05858
2536.23754,8.01350
2536.63748,7.99200
2537.03743,7.97052
2537.43738,7.94905
2537.83732,8.03978
2538.23727,8.19973
2538.63721,8.35971
2539.03716,8.57894
2539.43711,9.04600
2539.83705,9.51308
2540.23700,9.98018
2540.63694,10.79019
2541.03689,11.71917
2541.43684,12.64817
2541.83678,13.37151
2542.23673,13.65172
2542.63667,13.93195
2543.03662,14.21218
2543.43657,13.93804
2543.83651,13.57850
2544.23646,13.21899
2544.63640,12.72126
2545.03635,12.04837
2545.43630,11.37549
2545.83624,10.69590
2546.23619,9.59097
2546.63613,8.48607
2547.03608,7.38119
2547.43603,7.46166
2547.83597,8.45426
2548.23592,9.44688
2548.63586,10.36360
2549.03581,10.81280
2549.43576,11.26203
2549.83570,11.71126
2550.23565,12.30800
2550.63559,12.97125
2551.03554,13.63453
2551.43549,14.29186
2551.83543,14.93262
2552.23538,15.57338
2552.63532,16.21417
2553.03527,16.82572
2553.43522,17.43166
2553.83516,18.03761
2554.23511,18.60831
2554.63505,19.12884
2555.03500,19.64940
2555.43495,20.16997
2555.83489,20.24190
2556.23484,20.29631
2556.63478,20.35074
2557.03473,20.37620
2557.43468,20.37668
2557.83462,20.37720
2558.23457,20.39099
2558.63451,20.51058
2559.03446,20.63018
2559.43441,20.74982
2559.83435,20.92492
2560.23430,21.12543
2560.63424,21.32595
2561.03419,21.53665
2561.43414,21.77618
2561.83408,22.01574
2562.23403,22.25531
2562.63397,22.53179
2563.03392,22.81557
2563.43387,23.09937
2563.83381,23.27813
2564.23376,23.30545
2564.63370,23.33278
2565.03365,23.36013
2565.43360,23.22028
2565.83354,23.07774
2566.23349,22.93522
2566.63343,22.79922
2567.03338,22.66839
2567.43333,22.53758
2567.83327,22.41108
2568.23322,22.31250
2568.63316,22.21394
2569.03311,22.11540
2569.43306,21.98922
2569.83300,21.85163
2570.23295,21.71406
2570.63289,21.61963
2571.03284,21.63483
2571.43278,21.65006
2571.83273,21.66531
2572.23268,21.77657
2572.63262,21.90390
2573.03257,22.03124
2573.43251,22.12128
2573.83246,22.16214
2574.23241,22.20301
2574.63235,22.24360
2575.03230,22.29886
2575.43224,22.35374
2575.83219,22.40865
2576.23214,22.51636
2576.63208,22.66224
2577.03203,22.80814
2577.43197,22.91942
2577.83192,22.84188
2578.23187,22.76434
2578.63181,22.68684
2579.03176,22.37997
2579.43170,21.99849
2579.83165,21.61703
2580.23160,21.12734
2580.63154,20.41688
2581.03149,19.70644
2581.43143,18.99603
2581.83138,18.38094
2582.23133,17.77603
2582.63127,17.17114
2583.03122,16.62870
2583.43116,16.15441
2583.83111,15.68015
2584.23106,15.25033
2584.63100,15.34825
2585.03095,15.44619
2585.43089,15.54415
2585.83084,15.57858
2586.23079,15.57916
2586.63073,15.57976
2587.03068,15.60221
2587.43062,15.69912
2587.83057,15.79606
2588.23052,15.89301
2588.63046,16.05384
2589.03041,16.22809
2589.43035,16.40238
2589.83030,16.60686
2590.23025,16.85649
2590.63019,17.10611
2591.03014,17.35568
2591.43008,17.47207
2591.83003,17.58843
2592.22998,17.70481
2592.62992,17.65678
2593.02987,17.48716
2593.42981,17.31756
2593.82976,17.12159
2594.22971,16.77529
2594.62965,16.42903
2595.02960,16.08277
2595.42954,15.26598
2595.82949,14.29146
2596.22944,13.31698
2596.62938,12.49457
2597.02933,11.95648
2597.42927,11.41839
2597.82922,10.88033
2598.22917,11.03870
2598.62911,11.25518
2599.02906,11.47165
2599.42900,11.60442
2599.82895,11.66070
2600.22890,11.71702
2600.62884,11.75022
2601.02879,11.56862
2601.42873,11.38703
2601.82868,11.20547
2602.22863,11.13450
2602.62857,11.11168
2603.02852,11.08890
2603.42846,11.12796
2603.82841,11.33325
2604.22836,11.53853
2604.62830,11.74385
2605.02825,11.98106
2605.42819,12.22302
2605.82814,12.46500
2606.22809,12.70407
2606.62803,12.93985
2607.02798,13.17566
2607.42792,13.39341
2607.82787,13.37051
2608.22782,13.34760
2608.62776,13.32474
2609.02771,12.96422
2609.42765,12.41736
2609.82760,11.87053
2610.22755,11.31199
2610.62749,10.71717
2611.02744,10.12236
2611.42738,9.52758
2611.82733,9.20436
2612.22728,8.93158
2612.62722,8.65881
2613.02717,8.51379
2613.42711,8.52940
2613.82706,8.54502
2614.22701,8.56333
2614.62695,8.64164
2615.02690,8.71997
2615.42684,8.79831
2615.82679,8.88993
2616.22674,8.98982
2616.62668,9.08971
2617.02663,9.19785
2617.42657,9.33572
2617.82652,9.47362
2618.22647,9.61152
2618.62641,9.61323
2619.02636,9.58426
2619.42630,9.55531
2619.82625,9.55271
2620.22620,9.58714
2620.62614,9.62160
2621.02609,9.65703
2621.42603,9.75478
2621.82598,9.85254
2622.22593,9.95033
2622.62587,10.08233
2623.02582,10.23580
2623.42576,10.38928
2623.82571,10.48379
2624.22566,10.36202
2624.62560,10.24028
2625.02555,10.11854
2625.42549,9.86796
2625.82544,9.58790
2626.22539,9.30787
2626.62533,9.02890
2627.02528,8.75144
2627.42522,8.47399
2627.82517,8.19915
2628.22512,8.12157
2628.62506,8.04400
2629.02501,7.96646
2629.42495,7.58359
2629.82490,7.00753
2630.22485,6.43150
2630.62479,5.89246
2631.02474,5.49084
2631.42468,5.08925
2631.82463,4.68767
2632.22458,4.31538
2632.62452,3.94881
2633.02447,3.58226
2633.42441,3.28107
2633.82436,3.06439
2634.22431,2.84773
2634.62425,2.64657
2635.02420,2.86400
2635.42414,3.08146
2635.82409,3.29893
2636.22404,3.59287
2636.62398,3.93072
2637.02393,4.26860
2637.42387,4.60425
2637.82382,4.93263
2638.22377,5.26105
2638.62371,5.58948
2639.02366,5.88853
2639.42360,6.18279
2639.82355,6.47706
2640.22350,6.74888
2640.62344,6.99420
2641.02339,7.23954
2641.42333,7.48584
2641.82328,7.74726
2642.22323,8.00871
2642.62317,8.27016
2643.02312,8.55052
2643.42306,8.83968
2643.82301,9.12886
2644.22296,9.42622
2644.62290,9.74441
2645.02285,10.06260
2645.42279,10.38082
2645.82274,10.67765
2646.22269,10.97163
2646.62263,11.26562
2647.02258,11.54046
2647.42252,11.79664
2647.82247,12.05283
2648.22242,12.30497
2648.62236,12.52281
2649.02231,12.74067
2649.42225,12.95855
2649.82220,13.04016
2650.22215,13.07153
2650.62209,13.10291
2651.02204,13.01424
2651.42198,12.68195
2651.82193,12.34967
2652.22188,12.01742
2652.62182,11.66323
2653.02177,11.30802
2653.42171,10.95283
2653.82166,10.59642
2654.22161,10.23906
2654.62155,9.88172
2655.02150,9.55315
2655.42144,9.35677
2655.82139,9.16039
2656.22134,8.96405
2656.62128,9.50170
2657.02123,10.24843
2657.42117,10.99520
2657.82112,11.51330
2658.22107,11.69246
2658.62101,11.87164
2659.02096,12.04293
2659.42090,11.93319
2659.82085,11.82348
2660.22080,11.71378
2660.62074,11.60394
2661.02069,11.49400
2661.42063,11.38409
2661.82058,11.29160
2662.22053,11.25098
2662.62047,11.21038
2663.02042,11.16981
2663.42036,11.22002
2663.82031,11.28309
2664.22026,11.34618
2664.62020,11.46253
2665.02015,11.63760
2665.42009,11.81269
2665.82004,12.01094
2666.21999,12.41709
2666.61993,12.82327
2667.01988,13.22945
2667.41982,13.65475
2667.81977,14.08731
2668.21972,14.51991
2668.61966,15.00495
2669.01961,15.58779
2669.41955,16.17062
2669.81950,16.75349
2670.21945,17.15466
2670.61939,17.55095
2671.01934,17.94727
2671.41928,18.32396
2671.81923,18.68749
2672.21918,19.05104
2672.61912,19.42041
2673.01907,19.81335
2673.41901,20.20631
2673.81896,20.59930
2674.21891,21.05897
2674.61885,21.53307
2675.01880,22.00718
2675.41874,22.61881
2675.81869,23.40061
2676.21864,24.18241
2676.61858,25.03649
2677.01853,26.82909
2677.41847,28.62173
2677.81842,30.41438
2678.21837,33.21996
2678.61831,36.46795
2679.01826,39.71597
2679.41820,43.34480
2679.81815,47.78084
2680.21810,52.21690
2680.61804,56.65298
2681.01799,61.77531
2681.41793,66.93756
2681.81788,72.09982
2682.21783,76.58840
2682.61777,80.56804
2683.01772,84.54769
2683.41766,88.07468
2683.81761,89.72313
2684.21756,91.37160
2684.61750,93.02010
2685.01745,91.58995
2685.41739,89.47820
2685.81734,87.36649
2686.21729,85.70117
2686.61723,84.54275
2687.01718,83.38432
2687.41712,82.29483
2687.81707,81.87887
2688.21702,81.46294
2688.61696,81.04700
2689.01691,80.78198
2689.41685,80.57645
2689.81680,80.37093
2690.21675,80.23641
2690.61669,80.23861
2691.01664,80.24080
2691.41658,80.24304
2691.81653,80.42652
2692.21648,80.61633
2692.61642,80.80613
2693.01637,80.77333
2693.41631,80.58650
2693.81626,80.39967
2694.21621,80.20921
2694.61615,80.00716
2695.01610,79.80514
2695.41604,79.60314
2695.81599,79.45551
2696.21594,79.31635
2696.61588,79.17721
2697.01583,79.06523
2697.41577,78.98155
2697.81572,78.89789
2698.21567,78.82695
2698.61561,78.83456
2699.01556,78.84218
2699.41550,78.84982
2699.81545,78.88578
2700.21540,78.93049
2700.61534,78.97523
2701.01529,79.02939
2701.41523,79.09842
2701.81518,79.16745
2702.21513,79.23450
2702.61507,79.25001
2703.01502,79.26551
2703.41496,79.28107
2703.81491,79.41850
2704.21486,79.61810
2704.61480,79.81771
2705.01475,80.06150
2705.41469,80.40271
2705.81464,80.74396
2706.21459,81.08522
2706.61453,81.43170
2707.01448,81.77858
2707.41442,82.12548
2707.81437,82.45228
2708.21432,82.76490
2708.61426,83.07752
2709.01421,83.38842
2709.41415,83.69273
2709.81410,83.99705
2710.21405,84.30139
2710.61399,84.57524
2711.01394,84.84415
2711.41388,85.11305
2711.81383,85.35625
2712.21378,85.57203
2712.61372,85.78784
2713.01367,85.98438
2713.41361,86.05638
2713.81356,86.12841
2714.21351,86.20045
2714.61345,86.22177
2715.01340,86.22700
2715.41334,86.23221
2715.81329,86.21578
2716.21324,86.16791
2716.61318,86.12007
2717.01313,86.07212
2717.41307,86.02223
2717.81302,85.97235
2718.21297,85.92252
2718.61291,85.96427
2719.01286,86.04396
2719.41280,86.12366
2719.81275,86.31426
2720.21270,86.72801
2720.61264,87.14178
2721.01259,87.55558
2721.41253,88.11676
2721.81248,88.68073
2722.21243,89.24470
2722.61237,89.69745
2723.01232,90.08512
2723.41226,90.47283
2723.81221,90.76436
2724.21216,90.77567
2724.61210,90.78701
2725.01205,90.79837
2725.41199,90.52177
2725.81194,90.21500
2726.21189,89.90825
2726.61183,89.65515
2727.01178,89.44514
2727.41172,89.23517
2727.81167,88.99959
2728.21162,88.66428
2728.61156,88.32899
2729.01151,87.99371
2729.41145,87.68496
2729.81140,87.38077
2730.21135,87.07661
2730.61129,86.96953
2731.01124,87.05698
2731.41118,87.14446
2731.81113,87.28487
2732.21108,87.71861
2732.61102,88.15237
2733.01097,88.58613
2733.41091,89.27258
2733.81086,90.02128
2734.21081,90.77000
2734.61075,91.35672
2735.01070,91.74702
2735.41064,92.13733
2735.81059,92.54449
2736.21054,93.10081
2736.61048,93.65712
2737.01043,94.21344
2737.41037,94.78369
2737.81032,95.35858
2738.21027,95.93348
2738.61021,96.40569
2739.01016,96.72424
2739.41010,97.04280
2739.81005,97.33824
2740.21000,97.19513
2740.60994,97.05203
2741.00989,96.90897
2741.40983,96.55351
2741.80978,96.10693
2742.20973,95.66035
2742.60967,95.20808
2743.00962,94.74513
2743.40956,94.28223
2743.80951,93.81875
2744.20946,93.88914
2744.60940,93.95963
2745.00935,94.03016
2745.40929,94.38899
2745.80924,94.90427
2746.20919,95.41956
2746.60913,96.09752
2747.00908,97.15894
2747.40902,98.22036
2747.80897,99.28181
2748.20892,100.32684
2748.60886,101.37142
2749.00881,102.41602
2749.40875,103.46548
2749.80870,104.51788
2750.20865,105.57031
2750.60859,106.45224
2751.00854,106.87673
2751.40848,107.30123
2751.80843,107.72575
2752.20838,107.21100
2752.60832,106.61575
2753.00827,106.02052
2753.40821,104.81234
2753.80816,103.18798
2754.20811,101.56364
2754.60805,99.74043
2755.00800,97.30489
2755.40794,94.86938
2755.80789,92.43388
2756.20784,90.28983
2756.60778,88.18011
2757.00773,86.07040
2757.40767,84.12325
2757.80762,82.29910
2758.20757,80.47497
2758.60751,78.72888
2759.00746,77.26128
2759.40740,75.79369
2759.80735,74.32613
2760.20730,73.09953
2760.60724,71.90171
2761.00719,70.70390
2761.40713,69.97126
2761.80708,69.63028
2762.20703,69.28928
2762.60697,69.04174
2763.00692,69.13043
2763.40686,69.21914
2763.80681,69.30787
2764.20676,69.74371
2764.60670,70.23279
2765.00665,70.72191
2765.40659,71.28728
2765.80654,71.91722
2766.20649,72.54719
2766.60643,73.16083
2767.00638,73.70538
2767.40632,74.24993
2767.80627,74.79451
2768.20622,75.89702
2768.60616,77.08611
2769.00611,78.27522
2769.40605,79.90791
2769.80600,81.95795
2770.20595,84.00801
2770.60589,86.25352
2771.00584,89.33354
2771.40578,92.41359
2771.80573,95.49368
2772.20568,99.52434
2772.60562,103.70427
2773.00557,107.88422
2773.40551,111.81087
2773.80546,115.49788
2774.20541,119.18489
2774.60535,123.38126
2775.00530,129.77171
2775.40524,136.16217
2775.80519,142.55267
2776.20514,150.04431
2776.60508,157.71083
2777.00503,165.37735
2777.40497,173.36736
2777.80492,181.66505
2778.20487,189.96280
2778.60481,198.13972
2779.00476,205.79153
2779.40470,213.44336
2779.80465,221.09521
2780.20460,227.18036
2780.60454,233.01385
2781.00449,238.84737
2781.40443,243.46507
2781.80438,247.03090
2782.20433,250.59673
2782.60427,253.47725
2783.00422,253.35257
2783.40416,253.22791
2783.80411,253.10330
2784.20406,251.12152
2784.60400,248.83810
2785.00395,246.55472
2785.40389,244.18146
2785.80384,241.73000
2786.20379,239.27858
2786.60373,237.11317
2787.00368,236.02791
2787.40362,234.94267
2787.80357,233.85745
2788.20352,233.91333
2788.60346,234.11911
2789.00341,234.32492
2789.40335,234.86407
2789.80330,235.66681
2790.20325,236.46954
2790.60319,237.69878
2791.00314,240.33171
2791.40308,242.96461
2791.80303,245.59761
2792.20298,248.12550
2792.60292,250.64279
2793.00287,253.15997
2793.40281,255.95035
2793.80276,258.93671
2794.20271,261.92316
2794.60265,265.01364
2795.00260,268.40543
2795.40254,271.79727
2795.80249,275.18909
2796.20244,278.52417
2796.60238,281.85498
2797.00233,285.18585
2797.40227,288.35242
2797.80222,291.41205
2798.20217,294.47174
2798.60211,297.40720
2799.00206,300.02365
2799.40200,302.64014
2799.80195,305.25662
2800.20190,307.48474
2800.60184,309.69452
2801.00179,311.90430
2801.40173,313.39517
2801.80168,314.50644
2802.20163,315.61768
2802.60157,317.57886
2803.00152,321.27356
2803.40146,324.96826
2803.80141,328.64999
2804.20136,331.95096
2804.60130,335.24042
2805.00125,338.52985
2805.40119,342.08316
2805.80114,345.76178
2806.20109,349.44043
2806.60103,353.29031
2807.00098,357.45468
2807.40092,361.61905
2807.80087,365.79303
2808.20082,370.14114
2808.60076,374.48926
2809.00071,378.83740
2809.40065,383.08371
2809.80060,387.29175
2810.20055,391.49982
2810.60049,395.81696
2811.00044,400.29694
2811.40038,404.77695
2811.80033,409.23740
2812.20028,413.52341
2812.60022,417.80945
2813.00017,422.09558
2813.40011,426.57382
2813.80006,431.10770
2814.20001,435.64163
2814.59995,440.26996
2814.99990,445.01376
2815.39984,449.75751
2815.79979,454.47723
2816.19974,459.06030
2816.59968,463.64331
2816.99963,468.22641
2817.39957,472.15500
2817.79952,475.94388
2818.19947,479.73273
2818.59941,483.30365
2818.99936,486.67609
2819.39930,490.04868
2819.79925,493.30371
2820.19920,496.08340
2820.59914,498.86316
2820.99909,501.64294
2821.39903,506.43881
2821.79898,511.46454
2822.19893,516.49005
2822.59887,522.11481
2822.99882,528.18726
2823.39876,534.25977
2823.79871,539.74683
2824.19866,543.66571
2824.59860,547.58459
2824.99855,551.50336
2825.39849,555.96252
2825.79844,560.45227
2826.19839,564.94208
2826.59833,569.59283
2826.99828,574.33185
2827.39822,579.07080
2827.79817,583.74249
2828.19812,588.27112
2828.59806,592.79987
2828.99801,597.31000
2829.39795,600.91248
2829.79790,604.51495
2830.19785,608.11743
2830.59779,611.64825
2830.99774,615.15112
2831.39768,618.65399
2831.79763,621.59894
2832.19758,623.77081
2832.59752,625.94257
2832.99747,628.06366
2833.39741,629.69324
2833.79736,631.32281
2834.19731,632.95251
2834.59725,633.94806
2834.99720,634.77844
2835.39714,635.60883
2835.79709,636.32776
2836.19704,636.93182
2836.59698,637.53595
2836.99693,638.12445
2837.39687,638.63562
2837.79682,639.14685
2838.19677,639.65796
2838.59671,640.32056
2838.99666,641.00623
2839.39660,641.69208
2839.79655,642.36230
2840.19650,643.02087
2840.59644,643.67938
2840.99639,644.31226
2841.39633,644.87427
2841.79628,645.43616
2842.19623,645.99817
2842.59617,646.77667
2842.99612,647.56293
2843.39606,648.34912
2843.79601,649.02643
2844.19596,649.64868
2844.59590,650.27112
2844.99585,650.96399
2845.39579,651.77979
2845.79574,652.59552
2846.19569,653.27496
2846.59563,651.96857
2846.99558,650.66235
2847.39552,649.35596
2847.79547,647.78723
2848.19542,646.13739
2848.59536,644.48749
2848.99531,643.43958
2849.39525,643.08868
2849.79520,642.73779
2850.19515,642.47260
2850.59509,642.64740
2850.99504,642.82233
2851.39498,642.99719
2851.79493,643.08557
2852.19488,643.16028
2852.59482,643.23492
2852.99477,642.68243
2853.39471,641.64124
2853.79466,640.60010
2854.19461,639.54449
2854.59455,638.44812
2854.99450,637.35193
2855.39444,636.25562
2855.79439,635.59296
2856.19434,634.94794
2856.59428,634.30286
2856.99423,634.37604
2857.39417,634.81818
2857.79412,635.26031
2858.19407,635.62854
2858.59401,635.86560
2858.99396,636.10266
2859.39390,636.42523
2859.79385,638.09070
2860.19380,639.75635
2860.59374,641.42194
2860.99369,643.05585
2861.39363,644.68103
2861.79358,646.30621
2862.19353,648.28314
2862.59347,650.63519
2862.99342,652.98737
2863.39336,655.55243
2863.79331,659.06567
2864.19326,662.57892
2864.59320,666.09222
2864.99315,669.67999
2865.39309,673.27783
2865.79304,676.87567
2866.19299,680.71173
2866.59293,684.70166
2866.99288,688.69159
2867.39282,692.84637
2867.79277,697.37262
2868.19272,701.89893
2868.59266,706.39514
2868.99261,711.59869
2869.39255,716.76770
2869.79250,721.93683
2870.19245,729.71838
2870.59239,738.46033
2870.99234,747.20227
2871.39228,756.85388
2871.79223,767.70752
2872.19218,778.56104
2872.59212,789.24731
2872.99207,799.02246
2873.39201,808.79773
2873.79196,818.57294
2874.19191,828.12244
2874.59185,837.63354
2874.99180,847.14465
2875.39174,857.14471
2875.79169,867.53790
2876.19164,877.93097
2876.59158,888.51892
2876.99153,899.61023
2877.39147,910.70160
2877.79142,921.79291
2878.19137,933.45734
2878.59131,945.13440
2878.99126,956.81140
2879.39120,968.73749
2879.79115,980.76886
2880.19110,992.80023
2880.59104,1004.49847
2880.99099,1015.70276
2881.39093,1026.90698
2881.79088,1037.97888
2882.19083,1048.14197
2882.59077,1058.30530
2882.99072,1068.46851
2883.39066,1077.58044
2883.79061,1086.50928
2884.19056,1095.43811
2884.59050,1103.72620
2884.99045,1111.49316
2885.39039,1119.25977
2885.79034,1126.54309
2886.19029,1132.55737
2886.59023,1138.57190
2886.99018,1144.58350
2887.39012,1146.49304
2887.79007,1148.40210
2888.19002,1150.31091
2888.58996,1149.63330
2888.98991,1147.84729
2889.38985,1146.06128
2889.78980,1142.63062
2890.18975,1136.97034
2890.58969,1131.30994
2890.98964,1125.33911
2891.38958,1117.59485
2891.78953,1109.85046
2892.18948,1102.10645
2892.58942,1091.99060
2892.98937,1081.45166
2893.38931,1070.91272
2893.78926,1059.42212
2894.18921,1047.22241
2894.58915,1035.02283
2894.98910,1022.69781
2895.38904,1010.07697
2895.78899,997.45618
2896.18894,984.85364
2896.58888,973.05725
2896.98883,961.26074
2897.38877,949.46429
2897.78872,939.85126
2898.18867,930.97809
2898.58861,922.10498
2898.98856,913.90674
2899.38850,906.46527
2899.78845,899.02386
2900.18840,892.06152
2900.58834,887.42175
2900.98829,882.78217
2901.38823,878.14246
2901.78818,876.43982
2902.18813,875.07983
2902.58807,873.71973
2902.98802,872.25519
2903.38796,870.72662
2903.78791,869.19812
2904.18786,867.69879
2904.58780,866.25525
2904.98775,864.81158
2905.38769,863.32294
2905.78764,861.22754
2906.18759,859.13214
2906.58753,857.03687
2906.98748,854.02612
2907.38742,850.77777
2907.78737,847.52936
2908.18732,843.44373
2908.58726,838.58032
2908.98721,833.71698
2909.38715,828.45117
2909.78710,821.93158
2910.18705,815.41187
2910.58699,808.84320
2910.98694,800.68835
2911.38688,792.47156
2911.78683,784.25488
2912.18678,773.37531
2912.58672,761.44495
2912.98667,749.51453
2913.38661,736.45197
2913.78656,721.95728
2914.18651,707.46283
2914.58645,692.92529
2914.98640,678.17224
2915.38634,663.41919
2915.78629,648.66620
2916.18624,632.71558
2916.58618,616.61798
2916.98613,600.52051
2917.38607,583.83948
2917.78602,566.79376
2918.18597,549.74799
2918.58591,532.25214
2918.98586,513.88153
2919.38580,495.51099
2919.78575,477.51471
2920.18570,463.33060
2920.58564,449.14661
2920.98559,434.96259
2921.38553,425.74588
2921.78548,417.66458
2922.18543,409.58328
2922.58537,404.73489
2922.98532,402.65717
2923.38526,400.57944
2923.78521,397.79596
2924.18516,393.03549
2924.58510,388.27509
2924.98505,383.54266
2925.38499,381.00067
2925.78494,378.45865
2926.18489,375.91669
2926.58483,374.42416
2926.98478,373.30579
2927.38472,372.18747
2927.78467,371.48010
2928.18462,371.20602
2928.58456,370.93195
2928.98451,370.73843
2929.38445,370.84573
2929.78440,370.95303
2930.18435,371.06033
2930.58429,371.89517
2930.98424,372.77975
2931.38418,373.66443
2931.78413,375.04907
2932.18408,376.66315
2932.58402,378.27728
2932.98397,380.20007
2933.38391,382.56711
2933.78386,384.93414
2934.18381,387.35147
2934.58375,390.03363
2934.98370,392.71579
2935.38364,395.39795
2935.78359,398.44897
2936.18354,401.54831
2936.58348,404.64771
2936.98343,407.99396
2937.38337,411.48291
2937.78332,414.97180
2938.18327,418.14008
2938.58321,420.79221
2938.98316,423.44431
2939.38310,425.97217
2939.78305,427.47101
2940.18300,428.96988
2940.58294,430.46875
2940.98289,430.92871
2941.38283,431.21573
2941.78278,431.50281
2942.18273,431.03876
2942.58267,430.03503
2942.98262,429.03128
2943.38256,427.12793
2943.78251,423.41016
2944.18246,419.69238
2944.58240,415.99408
2944.98235,412.51724
2945.38229,409.04047
2945.78224,405.56366
2946.18219,402.26236
2946.58213,399.00339
2946.98208,395.74442
2947.38202,393.28992
2947.78197,391.48007
2948.18192,389.67020
2948.58186,387.56119
2948.98181,384.76935
2949.38175,381.97751
2949.78170,379.13773
2950.18165,375.46149
2950.58159,371.78522
2950.98154,368.10904
2951.38148,363.72858
2951.78143,359.14825
2952.18138,354.56787
2952.58132,348.98541
2952.98127,342.50842
2953.38121,336.03146
2953.78116,329.82272
2954.18111,324.31091
2954.58105,318.79907
2954.98100,313.29077
2955.38094,307.90509
2955.78089,302.51947
2956.18084,297.13388
2956.58078,291.69977
2956.98073,286.25171
2957.38067,280.80380
2957.78062,274.84314
2958.18057,268.42184
2958.58051,262.00049
2958.98046,256.13617
2959.38040,251.73184
2959.78035,247.32748
2960.18030,242.91507
2960.58024,238.19577
2960.98019,233.47646
2961.38013,228.75716
2961.78008,224.38869
2962.18003,220.12196
2962.57997,215.85522
2962.97992,211.86087
2963.37986,208.13902
2963.77981,204.41719
2964.17976,200.62871
2964.57970,196.66393
2964.97965,192.69916
2965.37959,188.72952
2965.77954,184.55960
2966.17949,180.38968
2966.57943,176.21980
2966.97938,172.86787
2967.37932,169.75542
2967.77927,166.64301
2968.17922,163.81769
2968.57916,161.25417
2968.97911,158.69063
2969.37905,155.94667
2969.77900,152.72144
2970.17895,149.49622
2970.57889,146.26389
2970.97884,142.71750
2971.37878,139.17116
2971.77873,135.62480
2972.17868,132.19839
2972.57862,128.80746
2972.97857,125.41654
2973.37851,121.88692
2973.77846,118.22992
2974.17841,114.57297
2974.57835,111.12181
2974.97830,108.22460
2975.37824,105.32738
2975.77819,102.44681
2976.17814,99.91502
2976.57808,97.38324
2976.97803,94.85146
2977.37797,92.84120
2977.77792,90.96538
2978.17787,89.08958
2978.57781,87.50920
2978.97776,86.17584
2979.37770,84.84250
2979.77765,83.19666
2980.17760,80.80103
2980.57754,78.40538
2980.97749,76.04047
2981.37743,74.09161
2981.77738,72.14276
2982.17733,70.19394
2982.57727,68.44433
2982.97722,66.73894
2983.37716,65.03358
2983.77711,63.68442
2984.17706,62.57989
2984.57700,61.47537
2984.97695,60.54891
2985.37689,59.96435
2985.77684,59.37984
2986.17679,58.81371
2986.57673,58.42893
2986.97668,58.04419
2987.37662,57.65945
2987.77657,57.38533
2988.17652,57.12826
2988.57646,56.87122
2988.97641,56.05515
2989.37635,54.89078
2989.77630,53.72643
2990.17625,52.49448
2990.57619,51.15703
2990.97614,49.81963
2991.37608,48.50499
2991.77603,47.32989
2992.17598,46.15480
2992.57592,44.97974
2992.97587,44.05279
2993.37581,43.14899
2993.77576,42.24519
2994.17571,41.45536
2994.57565,40.72312
2994.97560,39.99089
2995.37554,39.31627
2995.77549,38.71530
2996.17544,38.11435
2996.57538,37.54075
2996.97533,37.08487
2997.37527,36.62900
2997.77522,36.17315
2998.17517,35.87677
2998.57511,35.58651
2998.97506,35.29628
2999.37500,35.13303
2999.77495,35.01495
3000.17490,34.89690
3000.57484,34.86100
3000.97479,34.91159
3001.37473,34.96221
3001.77468,35.01414
3002.17463,35.06974
3002.57457,35.12538
3002.97452,35.17662
3003.37446,35.11069
3003.77441,35.04482
3004.17436,34.97895
3004.57430,34.03966
3004.97425,32.86238
3005.37419,31.68514
3005.77414,30.39536
3006.17409,29.01735
3006.57403,27.63934
3006.97398,26.40160
3007.37392,25.44228
3007.77387,24.48298
3008.17382,23.67333
3008.57376,24.08000
3008.97371,24.48667
3009.37365,24.89338
3009.77360,25.70551
3010.17355,26.57083
3010.57349,27.43616
3010.97344,28.42933
3011.37338,29.49638
3011.77333,30.56348
3012.17328,31.09837
3012.57322,30.86180
3012.97317,30.62526
3013.37311,30.33966
3013.77306,29.83465
3014.17301,29.32965
3014.57295,28.82471
3014.97290,28.36840
3015.37284,27.91430
3015.77279,27.46020
3016.17274,27.00677
3016.57268,26.55359
3016.97263,26.10043
3017.37257,25.65225
3017.77252,25.20897
3018.17247,24.76569
3018.57241,24.32063
3018.97236,23.87100
3019.37230,23.42139
3019.77225,23.00784
3020.17220,23.20607
3020.57214,23.40430
3020.97209,23.60256
3021.37203,23.40716
3021.77198,23.13124
3022.17193,22.85536
3022.57187,22.32126
3022.97182,21.61840
3023.37176,20.91555
3023.77171,20.29712
3024.17166,19.81676
3024.57160,19.33643
3024.97155,18.87328
3025.37149,18.50451
3025.77144,18.13575
3026.17139,17.76702
3026.57133,16.37992
3026.97128,14.91439
3027.37122,13.44886
3027.77117,12.95327
3028.17112,12.86740
3028.57106,12.78158
3028.97101,12.72530
3029.37095,12.70139
3029.77090,12.67749
3030.17085,12.70919
3030.57079,12.90572
3030.97074,13.10228
3031.37068,13.30288
3031.77063,13.57733
3032.17058,13.85181
3032.57052,14.12628
3032.97047,14.55825
3033.37041,15.02332
3033.77036,15.48842
3034.17031,15.71494
3034.57025,15.78298
3034.97020,15.85105
3035.37014,15.85043
3035.77009,15.73553
3036.17004,15.62066
3036.56998,15.50390
3036.96993,15.37820
3037.36987,15.25250
3037.76982,15.12683
3038.16977,14.98142
3038.56971,14.83499
3038.96966,14.68856
3039.36960,14.51515
3039.76955,14.33146
3040.16950,14.14779
3040.56944,14.02072
3040.96939,13.94515
3041.36933,13.86960
3041.76928,13.81905
3042.16923,13.82732
3042.56917,13.83561
3042.96912,13.84008
3043.36906,13.80907
3043.76901,13.77810
3044.16896,13.74713
3044.56890,13.67701
3044.96885,13.60115
3045.36879,13.52534
3045.76874,13.44787
3046.16869,13.36953
3046.56863,13.29121
3046.96858,13.27231
3047.36852,13.32703
3047.76847,13.38179
3048.16842,13.44058
3048.56836,13.51355
3048.96831,13.58655
3049.36825,13.65590
3049.76820,13.55132
3050.16815,13.44676
3050.56809,13.34223
3050.96804,13.17308
3051.36798,12.98733
3051.76793,12.80158
3052.16788,12.59343
3052.56782,12.37003
3052.96777,12.14666
3053.36771,11.90304
3053.76766,11.62488
3054.16761,11.34673
3054.56755,11.09132
3054.96750,10.94772
3055.36744,10.80415
3055.76739,10.66059
3056.16734,10.69485
3056.56728,10.73492
3056.96723,10.77502
3057.36717,10.83110
3057.76712,10.89275
3058.16707,10.95440
3058.56701,10.97438
3058.96696,10.95923
3059.36690,10.94412
3059.76685,10.92819
3060.16680,10.91071
3060.56674,10.89324
3060.96669,10.88124
3061.36663,10.91056
3061.76658,10.93988
3062.16653,10.96925
3062.56647,11.03090
3062.96642,11.09553
3063.36636,11.16018
3063.76631,11.12268
3064.16626,11.04464
3064.56620,10.96662
3064.96615,10.78462
3065.36609,10.50488
3065.76604,10.22515
3066.16599,9.89983
3066.56593,9.46283
3066.96588,9.02585
3067.36582,8.61563
3067.76577,8.47740
3068.16572,8.33918
3068.56566,8.20098
3068.96561,8.16188
3069.36555,8.13513
3069.76550,8.10842
3070.16545,8.10420
3070.56539,8.11018
3070.96534,8.11617
3071.36528,8.16582
3071.76523,8.26120
3072.16518,8.35662
3072.56512,8.48103
3072.96507,8.67720
3073.36501,8.87336
3073.76496,9.04662
3074.16491,8.98030
3074.56485,8.91401
3074.96480,8.84773
3075.36474,8.11638
3075.76469,7.30031
3076.16464,6.48426
3076.56458,5.76644
3076.96453,5.09350
3077.36447,4.42058
3077.76442,3.94065
3078.16437,3.66475
3078.56431,3.38885
3078.96426,3.24848
3079.36420,3.44690
3079.76415,3.64536
3080.16410,3.87280
3080.56404,4.41121
3080.96399,4.94964
3081.36393,5.48809
3081.76388,6.03393
3082.16383,6.58076
3082.56377,7.12761
3082.96372,7.18975
3083.36366,7.02835
3083.76361,6.86697
3084.16356,6.49168
3084.56350,5.88829
3084.96345,5.28490
3085.36339,4.69969
3085.76334,4.16037
3086.16329,3.62107
3086.56323,3.13892
3086.96318,3.28735
3087.36312,3.43579
3087.76307,3.58425
3088.16302,4.09720
3088.56296,4.65862
3088.96291,5.22007
3089.36285,5.80005
3089.76280,6.38774
3090.16275,6.97544
3090.56269,7.48377
3090.96264,7.91484
3091.36258,8.34595
3091.76253,8.73695
3092.16248,9.03717
3092.56242,9.33741
3092.96237,9.62272
3093.36231,9.78196
3093.76226,9.94123
3094.16221,10.10051
3094.56215,10.10583
3094.96210,10.09965
3095.36204,10.09350
3095.76199,9.95467
3096.16194,9.76680
3096.56188,9.57895
3096.96183,9.30509
3097.36177,8.95487
3097.76172,8.60466
3098.16167,8.22908
3098.56161,7.80719
3098.96156,7.38533
3099.36150,7.03690
3099.76145,7.09252
3100.16140,7.14814
3100.56134,7.20380
3100.96129,7.53669
3101.36123,7.88316
3101.76118,8.22964
3102.16113,8.65104
3102.56107,9.09382
3102.96102,9.53663
3103.36096,10.04425
3103.76091,10.59932
3104.16086,11.15440
3104.56080,11.55422
3104.96075,11.72313
3105.36069,11.89204
3105.76064,12.02485
3106.16059,12.01452
3106.56053,12.00422
3106.96048,11.99622
3107.36042,12.07310
3107.76037,12.14999
3108.16032,12.22690
3108.56026,12.36945
3108.96021,12.52585
3109.36015,12.68227
3109.76010,12.87005
3110.16005,13.07471
3110.55999,13.27937
3110.95994,13.52060
3111.35988,13.80652
3111.75983,14.09245
3112.15978,14.36051
3112.55972,14.58127
3112.95967,14.80204
3113.35961,14.98836
3113.75956,14.86111
3114.15951,14.73386
3114.55945,14.60664
3114.95940,14.30127
3115.35934,13.97580
3115.75929,13.65036
3116.15924,13.28273
3116.55918,12.89898
3116.95913,12.51523
3117.35907,12.08995
3117.75902,11.63036
3118.15897,11.17080
3118.55891,10.67713
3118.95886,10.11937
3119.35880,9.56163
3119.75875,9.04789
3120.15870,8.74612
3120.55864,8.44438
3120.95859,8.14151
3121.35853,8.18156
3121.75848,8.22171
3122.15843,8.26188
3122.55837,8.40007
3122.95832,8.55966
3123.35826,8.71925
3123.75821,8.87453
3124.15816,9.02720
3124.55810,9.17987
3124.95805,9.30999
3125.35799,9.41201
3125.75794,9.51405
3126.15789,9.60619
3126.55783,9.67159
3126.95778,9.73698
3127.35772,9.79915
3127.75767,9.83007
3128.15762,9.86102
3128.55756,9.89198
3128.95751,9.88089
3129.35745,9.86610
3129.75740,9.85133
3130.15735,9.80256
3130.55729,9.74207
3130.95724,9.68160
3131.35718,9.59486
3131.75713,9.48814
3132.15708,9.38143
3132.55702,9.25681
3132.95697,9.10448
3133.35691,8.95217
3133.75686,8.78997
3134.15681,8.59211
3134.55675,8.39425
3134.95670,8.19452
3135.35664,7.95129
3135.75659,7.70809
3136.15654,7.46490
3136.55648,7.18444
3136.95643,6.89823
3137.35637,6.61206
3137.75632,6.32574
3138.15627,6.03938
3138.55621,5.75303
3138.95616,5.59201
3139.35610,5.54880
3139.75605,5.50560
3140.15600,5.58677
3140.55594,5.90933
3140.95589,6.23189
3141.35583,6.59395
3141.75578,7.15627
3142.15573,7.71860
3142.55567,8.28097
3142.95562,8.94780
3143.35556,9.00960
3143.75551,8.37108
3144.15545,7.73260
3144.55540,7.21040
3144.95535,6.97501
3145.35529,6.73962
3145.75524,6.49662
3146.15518,6.19362
3146.55513,5.89064
3146.95508,5.58767
3147.35502,5.57967
3147.75497,5.59989
3148.15491,5.62015
3148.55486,5.87969
3148.95481,6.22453
3149.35475,6.56939
3149.75470,6.91613
3150.15464,7.26432
3150.55459,7.61256
3150.95454,7.73045
3151.35448,7.48257
3151.75443,7.23471
3152.15437,7.03132
3152.55432,6.99418
3152.95427,6.95705
3153.35421,6.91789
3153.75416,6.82250
3154.15410,6.72716
3154.55405,6.63181
3154.95400,6.54400
3155.35394,6.45742
3155.75389,6.37087
3156.15383,6.24142
3156.55378,6.09224
3156.95373,5.94307
3157.35367,5.78343
3157.75362,5.61371
3158.15356,5.44401
3158.55351,5.21293
3158.95346,4.85939
3159.35340,4.50585
3159.75335,4.17542
3160.15329,3.96757
3160.55324,3.75974
3160.95319,3.55195
3161.35313,3.58710
3161.75308,3.62649
3162.15302,3.66588
3162.55297,3.87313
3162.95292,4.12038
3163.35286,4.36766
3163.75281,4.82148
3164.15275,5.39554
3164.55270,5.96960
3164.95265,6.32082
3165.35259,6.43220
3165.75254,6.54361
3166.15248,6.63757
3166.55243,6.69198
3166.95238,6.74641
3167.35232,6.79504
3167.75227,6.80487
3168.15221,6.81475
3168.55216,6.82463
3168.95211,6.78366
3169.35205,6.74032
3169.75200,6.69701
3170.15194,6.61636
3170.55189,6.52519
3170.95184,6.43404
3171.35178,6.30583
3171.75173,6.15340
3172.15167,6.00098
3172.55162,5.81678
3172.95157,5.59437
3173.35151,5.37198
3173.75146,5.13632
3174.15140,4.86630
3174.55135,4.59628
3174.95130,4.31933
3175.35124,3.98195
3175.75119,3.64458
3176.15113,3.30724
3176.55108,2.94449
3176.95103,2.58049
3177.35097,2.21652
3177.75092,1.82472
3178.15086,1.42497
3178.55081,1.02525
3178.95076,0.66702
3179.35070,0.33350
3179.75065,0.00000
3180.15059,0.08768
3180.55054,0.68995
3180.95049,1.29223
3181.35043,1.87329
3181.75038,2.39874
3182.15032,2.92419
3182.55027,3.45226
3182.95022,3.99829
3183.35016,4.54435
3183.75011,5.09042
3184.15005,5.53839
3184.55000,5.98125
3184.94995,6.42412
3185.34989,6.66439
3185.74984,6.85398
3186.14978,7.04359
3186.54973,7.06574
3186.94968,6.98715
3187.34962,6.90860
3187.74957,6.67973
3188.14951,6.28406
3188.54946,5.88842
3188.94941,5.55315
3189.34935,5.35971
3189.74930,5.16631
3190.14924,4.99585
3190.54919,4.95734
3190.94914,4.91885
3191.34908,4.88026
3191.74903,4.99002
3192.14897,5.10002
3192.54892,5.21004
3192.94887,5.32214
3193.34881,5.43469
3193.74876,5.54726
3194.14870,5.62442
3194.54865,5.68426
3194.94860,5.74414
3195.34854,5.79938
3195.74849,5.84995
3196.14843,5.90051
3196.54838,5.96429
3196.94833,6.05303
3197.34827,6.14178
3197.74822,6.23454
3198.14816,6.34377
3198.54811,6.45303
3198.94806,6.55657
3199.34800,6.53915
3199.74795,6.52176
3200.14789,6.50439
3200.54784,5.99319
3200.94779,5.40805
3201.34773,4.82291
3201.74768,4.69605
3202.14762,4.74801
3202.54757,4.80001
3202.94752,4.92074
3203.34746,5.09358
3203.74741,5.26642
3204.14735,5.40838
3204.54730,5.50738
3204.94725,5.60640
3205.34719,5.71331
3205.74714,5.84175
3206.14708,5.97021
3206.54703,6.08916
3206.94698,6.11477
3207.34692,6.14038
3207.74687,6.16602
3208.14681,6.08889
3208.54676,6.00547
3208.94671,5.92208
3209.34665,5.76589
3209.74660,5.59057
3210.14654,5.41527
3210.54649,5.18565
3210.94644,4.92567
3211.34638,4.66571
3211.74633,4.40275
3212.14627,4.13667
3212.54622,3.87061
3212.94617,3.47333
3213.34611,2.82183
3213.74606,2.17036
3214.14600,1.54273
3214.54595,1.01670
3214.94590,0.49070
3215.34584,0.00000
3215.74579,0.34932
3216.14573,0.69866
3216.54568,1.04801
3216.94563,1.43580
3217.34557,1.82839
3217.74552,2.22101
3218.14546,3.83642
3218.54541,5.88425
3218.94536,7.93209
3219.34530,8.38021
3219.74525,7.70900
3220.14519,7.03782
3220.54514,6.07790
3220.94509,4.74738
3221.34503,3.41687
3221.74498,2.47314
3222.14492,2.38036
3222.54487,2.28759
3222.94482,2.23965
3223.34476,2.42355
3223.74471,2.60746
3224.14465,2.79248
3224.54460,3.06953
3224.94455,3.34661
3225.34449,3.62369
3225.74444,3.71376
3226.14438,3.77371
3226.54433,3.83368
3226.94428,3.58508
3227.34422,3.21091
3227.74417,2.83677
3228.14411,2.52632
3228.54406,2.26584
3228.94401,2.00539
3229.34395,1.82090
3229.74390,1.73510
3230.14384,1.64932
3230.54379,1.57715
3230.94374,1.53911
3231.34368,1.50110
3231.74363,1.48541
3232.14357,1.61375
3232.54352,1.74212
3232.94347,1.86941
3233.34341,2.04477
3233.74336,2.21865
3234.14330,2.39256
3234.54325,2.51859
3234.94320,2.63672
3235.34314,2.75488
3235.74309,2.87252
3236.14303,2.98996
3236.54298,3.10741
3236.94293,3.31635
3237.34287,3.59090
3237.74282,3.86548
3238.14276,4.11569
3238.54271,4.33390
3238.94266,4.55213
3239.34260,4.75839
3239.74255,4.93754
3240.14249,5.11671
3240.54244,5.30027
3240.94239,5.50741
3241.34233,5.71458
3241.74228,5.92059
3242.14222,6.11825
3242.54217,6.31483
3242.94212,6.51143
3243.34206,6.66489
3243.74201,6.81249
3244.14195,6.96011
3244.54190,7.10934
3244.94185,7.25920
3245.34179,7.40907
3245.74174,7.55161
3246.14168,7.68937
3246.54163,7.82713
3246.94158,7.90015
3247.34152,7.89529
3247.74147,7.89045
3248.14141,7.88480
3248.54136,7.87745
3248.94131,7.87014
3249.34125,7.85796
3249.74120,7.82661
3250.14114,7.79527
3250.54109,7.76417
3250.94104,7.73689
3251.34098,7.70963
3251.74093,7.68239
3252.14087,7.52549
3252.54082,7.35845
3252.94077,7.19142
3253.34071,6.72065
3253.74066,6.16266
3254.14060,5.60470
3254.54055,5.21026
3254.94050,4.90330
3255.34044,4.59637
3255.74039,4.50979
3256.14033,4.62175
3256.54028,4.73373
3256.94023,4.81280
3257.34017,4.84262
3257.74012,4.87246
3258.14006,4.93649
3258.54001,5.10289
3258.93996,5.26931
3259.33990,5.38512
3259.73985,5.14588
3260.13979,4.90665
3260.53974,4.66729
3260.93969,4.62449
3261.33963,4.58168
3261.73958,4.53889
3262.13952,4.32921
3262.53947,4.09547
3262.93942,3.86175
3263.33936,3.90340
3263.73931,4.03758
3264.13925,4.17178
3264.53920,4.47919
3264.93915,4.90302
3265.33909,5.32687
3265.73904,5.63528
3266.13898,5.81491
3266.53893,5.99455
3266.93888,6.08752
3267.33882,6.01751
3267.73877,5.94752
3268.13871,5.92151
3268.53866,6.04977
3268.93861,6.17806
3269.33855,6.32154
3269.73850,6.60745
3270.13844,6.89336
3270.53839,7.17929
3270.93834,7.38780
3271.33828,7.59401
3271.73823,7.80024
3272.13817,7.62498
3272.53812,7.38008
3272.93807,7.13520
3273.33801,6.86041
3273.73796,6.57399
3274.13790,6.28760
3274.53785,6.00522
3274.93780,5.72560
3275.33774,5.44598
3275.73769,5.14729
3276.13763,4.82701
3276.53758,4.50675
3276.93753,4.27127
3277.33747,4.19755
3277.73742,4.12385
3278.13736,4.07961
3278.53731,4.14066
3278.93726,4.20175
3279.33720,4.27510
3279.73715,4.46784
3280.13709,4.66059
3280.53704,4.85475
3280.93699,4.87061
3281.33693,4.88657
3281.73688,4.90254
3282.13682,4.59167
3282.53677,4.23076
3282.93672,3.86984
3283.33666,3.90197
3283.73661,4.07096
3284.13655,4.23996
3284.53650,4.97392
3284.93645,6.05957
3285.33639,7.14524
3285.73634,7.50310
3286.13628,7.10619
3286.53623,6.70931
3286.93618,6.14946
3287.33612,5.30669
3287.73607,4.46395
3288.13601,3.85868
3288.53596,3.91178
3288.93591,3.96489
3289.33585,4.03592
3289.73580,4.21715
3290.13574,4.39841
3290.53569,4.58039
3290.93564,4.81133
3291.33558,5.04229
3291.73553,5.27327
3292.13547,5.47395
3292.53542,5.67180
3292.93537,5.86966
3293.33531,5.93093
3293.73526,5.95555
3294.13520,5.98018
3294.53515,5.96402
3294.93510,5.92713
3295.33504,5.89025
3295.73499,5.77790
3296.13493,5.60688
3296.53488,5.43588
3296.93483,5.26382
3297.33477,5.09038
3297.73472,4.91695
3298.13466,4.68332
3298.53461,4.33102
3298.93456,3.97876
3299.33450,3.64783
3299.73445,3.39655
3300.13439,3.14529
3300.53434,2.90281
3300.93429,2.73072
3301.33423,2.55863
3301.73418,2.38657
3302.13412,2.81892
3302.53407,3.26023
3302.93402,3.70156
3303.33396,4.07578
3303.73391,4.44131
3304.13385,4.80685
3304.53380,5.08753
3304.93375,5.34137
3305.33369,5.59522
3305.73364,5.76141
3306.13358,5.88228
3306.53353,6.00317
3306.93348,6.14299
3307.33342,6.29935
3307.73337,6.45571
3308.13331,6.56327
3308.53326,6.60703
3308.93321,6.65080
3309.33315,6.61330
3309.73310,6.39310
3310.13304,6.17293
3310.53299,5.90481
3310.93294,5.45365
3311.33288,5.00249
3311.73283,4.50024
3312.13277,3.57168
3312.53272,2.64315
3312.93267,1.71463
3313.33261,1.49364
3313.73256,1.28590
3314.13250,1.07817
3314.53245,1.11237
3314.93240,1.17919
3315.33234,1.24603
3315.73229,1.41616
3316.13223,1.61532
3316.53218,1.81449
3316.93213,2.20869
3317.33207,2.69453
3317.73202,3.18041
3318.13196,3.53377
3318.53191,3.78090
3318.93186,4.02805
3319.33180,4.16117
3319.73175,4.15748
3320.13169,4.15382
3320.53164,4.14503
3320.93159,4.12686
3321.33153,4.10870
3321.73148,4.12987
3322.13142,4.26667
3322.53137,4.40349
3322.93132,4.51569
3323.33126,4.49182
3323.73121,4.46798
3324.13115,4.42350
3324.53110,4.00937
3324.93105,3.59525
3325.33099,3.18114
3325.73094,3.05672
3326.13088,2.94678
3326.53083,2.83685
3326.93078,2.75957
3327.33072,2.68913
3327.73067,2.61870
3328.13061,2.61538
3328.53056,2.63731
3328.93051,2.65925
3329.33045,2.78548
3329.73040,2.97396
3330.13034,3.16245
3330.53029,3.40193
3330.93024,3.68739
3331.33018,3.97287
3331.73013,4.15428
3332.13007,4.19512
3332.53002,4.23597
3332.92997,4.31587
3333.32991,4.47685
3333.72986,4.63785
3334.12980,4.69029
3334.52975,4.36785
3334.92970,4.04542
3335.32964,3.71252
3335.72959,3.30558
3336.12953,2.89867
3336.52948,2.49887
3336.92943,2.39114
3337.32937,2.28343
3337.72932,2.17573
3338.12926,2.33489
3338.52921,2.50863
3338.92916,2.68238
3339.32910,2.11151
3339.72905,1.40704
3340.12899,0.70258
3340.52894,0.40776
3340.92889,0.25138
3341.32883,0.09501
3341.72878,0.37522
3342.12872,0.89360
3342.52867,1.41199
3342.92862,1.90407
3343.32856,2.37432
3343.72851,2.84459
3344.12845,3.24439
3344.52840,3.56511
3344.92835,3.88583
3345.32829,4.15329
3345.72824,4.33031
3346.12818,4.50735
3346.52813,4.63165
3346.92808,4.61359
3347.32802,4.59554
3347.72797,4.56185
3348.12791,4.45164
3348.52786,4.34143
3348.92781,4.22155
3349.32775,4.00885
3349.72770,3.79618
3350.12764,3.58223
3350.52759,3.55350
3350.92754,3.52457
3351.32748,3.49564
3351.72743,3.62658
3352.12737,3.77655
3352.52732,3.92654
3352.92727,4.24181
3353.32721,4.59380
3353.72716,4.94583
3354.12710,5.20512
3354.52705,5.42797
3354.92700,5.65084
3355.32694,5.87431
3355.72689,6.09817
3356.12683,6.32203
3356.52678,6.47243
3356.92673,6.56078
3357.32667,6.64914
3357.72662,6.75740
3358.12656,6.89085
3358.52651,7.02431
3358.92646,7.04007
3359.32640,6.85211
3359.72635,6.66417
3360.12629,6.49776
3360.52624,6.39080
3360.92619,6.28385
3361.32613,6.12535
3361.72608,5.74757
3362.12602,5.36980
3362.52597,5.03807
3362.92592,5.17204
3363.32586,5.30602
3363.72581,5.43795
3364.12575,5.42984
3364.52570,5.42176
3364.92565,5.41368
3365.32559,5.57365
3365.72554,5.74944
3366.12548,5.92523
3366.52543,6.19731
3366.92538,6.48794
3367.32532,6.77858
3367.72527,6.70029
3368.12521,6.50758
3368.52516,6.31491
3368.92511,5.98926
3369.32505,5.59599
3369.72500,5.20274
3370.12494,4.85168
3370.52489,4.53026
3370.92484,4.20886
3371.32478,3.97397
3371.72473,3.82154
3372.12467,3.66912
3372.52462,3.54215
3372.92457,3.45159
3373.32451,3.36104
3373.72446,3.28552
3374.12440,3.23966
3374.52435,3.19379
3374.92430,3.18920
3375.32424,3.30147
3375.72419,3.41377
3376.12413,3.53359
3376.52408,3.68634
3376.92403,3.83911
3377.32397,3.98916
3377.72392,4.10975
3378.12386,4.23036
3378.52381,4.34992
3378.92376,4.42623
3379.32370,4.50193
3379.72365,4.57764
3380.12359,4.45325
3380.52354,4.31477
3380.92349,4.17628
3381.32343,3.99111
3381.72338,3.79829
3382.12332,3.60547
3382.52327,3.57995
3382.92322,3.60074
3383.32316,3.62154
3383.72311,3.85754
3384.12305,4.18238
3384.52300,4.50723
3384.92295,4.77924
3385.32289,5.01708
3385.72284,5.25494
3386.12278,5.47982
3386.52273,5.69329
3386.92268,5.90676
3387.32262,6.09823
3387.72257,6.26356
3388.12251,6.42889
3388.52246,6.53675
3388.92241,6.55130
3389.32235,6.56585
3389.72230,6.51650
3390.12224,6.32205
3390.52219,6.12763
3390.92214,5.74677
3391.32208,4.74305
3391.72203,3.73935
3392.12197,2.91328
3392.52192,3.05568
3392.92187,3.19809
3393.32181,3.34045
3393.72176,3.48186
3394.12170,3.62331
3394.52165,3.75826
3394.92160,3.67644
3395.32154,3.59465
3395.72149,3.51288
3396.12143,4.05230
3396.52138,4.62189
3396.92133,5.19149
3397.32127,5.93397
3397.72122,6.70039
3398.12116,7.46686
3398.52111,7.32017
3398.92106,6.94933
3399.32100,6.57850
3399.72095,6.14433
3400.12089,5.68646
3400.52084,5.22860
3400.92079,4.72728
3401.32073,4.20278
3401.72068,3.67830
3402.12062,3.60885
3402.52057,3.87349
3402.92052,4.13815
3403.32046,4.18806
3403.72041,4.04459
3404.12035,3.90114
3404.52030,3.72649
3404.92025,3.51382
3405.32019,3.30117
3405.72014,3.14238
3406.12008,3.07317
3406.52003,3.00396
3406.91998,2.93114
3407.31992,2.84983
3407.71987,2.76854
3408.11981,2.79442
3408.51976,3.14251
3408.91971,3.49059
3409.31965,3.83929
3409.71960,4.19067
3410.11954,4.54209
3410.51949,4.89727
3410.91944,5.28671
3411.31938,5.67619
3411.71933,6.06765
3412.11927,6.49788
3412.51922,6.92812
3412.91917,7.35838
3413.31911,7.68229
3413.71906,8.00325
3414.11900,8.32427
3414.51895,8.44602
3414.91890,8.55106
3415.31884,8.65610
3415.71879,8.63049
3416.11873,8.58130
3416.51868,8.53212
3416.91863,8.29903
3417.31857,8.01153
3417.71852,7.72407
3418.11846,7.41872
3418.51841,7.10649
3418.91836,6.79428
3419.31830,6.46811
3419.71825,6.13427
3420.11819,5.80045
3420.51814,5.56133
3420.91809,5.38652
3421.31803,5.21175
3421.71798,5.11989
3422.11792,5.10458
3422.51787,5.08931
3422.91782,5.01787
3423.31776,4.88300
3423.71771,4.74816
3424.11765,4.66983
3424.51760,4.66982
3424.91755,4.66982
3425.31749,4.74385
3425.71744,4.95922
3426.11738,5.17460
3426.51733,5.32865
3426.91728,5.33492
3427.31722,5.34121
3427.71717,5.28092
3428.11711,5.01307
3428.51706,4.74523
3428.91701,4.56208
3429.31695,4.79948
3429.71690,5.03689
3430.11684,5.25663
3430.51679,5.34293
3430.91674,5.42926
3431.31668,5.51072
3431.71663,5.52413
3432.11657,5.53754
3432.51652,5.55098
3432.91647,5.65784
3433.31641,5.76556
3433.71636,5.87328
3434.11630,6.03708
3434.51625,6.20441
3434.91620,6.37177
3435.31614,6.28116
3435.71609,6.15885
3436.11603,6.03656
3436.51598,6.04091
3436.91593,6.06938
3437.31587,6.09788
3437.71582,6.25025
3438.11576,6.44077
3438.51571,6.63130
3438.91566,6.73764
3439.31560,6.81029
3439.71555,6.88297
3440.11549,7.22050
3440.51544,7.69218
3440.91539,8.16388
3441.31533,8.36961
3441.71528,8.40773
3442.11522,8.44588
3442.51517,8.58483
3442.91512,8.80202
3443.31506,9.01925
3443.71501,9.15913
3444.11495,9.22546
3444.51490,9.29182
3444.91485,9.37531
3445.31479,9.47873
3445.71474,9.58218
3446.11468,9.68657
3446.51463,9.79229
3446.91458,9.89803
3447.31452,9.96425
3447.71447,9.96068
3448.11441,9.95711
3448.51436,9.90234
3448.91431,9.73408
3449.31425,9.56582
3449.71420,9.34778
3450.11414,8.98832
3450.51409,8.62888
3450.91404,8.27028
3451.31398,7.91471
3451.71393,7.55917
3452.11387,7.22222
3452.51382,6.98314
3452.91377,6.74406
3453.31371,6.47105
3453.71366,5.92136
3454.11360,5.37170
3454.51355,4.82746
3454.91350,4.36990
3455.31344,3.91235
3455.71339,3.45877
3456.11333,3.19950
3456.51328,2.94254
3456.91323,2.68559
3457.31317,2.90508
3457.71312,3.14546
3458.11306,3.38583
3458.51301,3.64080
3458.91296,3.89726
3459.31290,4.15374
3459.71285,4.84219
3460.11279,5.58829
3460.51274,6.33442
3460.91269,7.00488
3461.31263,7.66005
3461.71258,8.31525
3462.11252,8.92867
3462.51247,9.53043
3462.91242,10.13221
3463.31236,10.17419
3463.71231,10.01017
3464.11225,9.84618
3464.51220,9.46426
3464.91215,8.98007
3465.31209,8.49591
3465.71204,8.06815
3466.11198,7.67010
3466.51193,7.27204
3466.91188,6.75365
3467.31182,6.15658
3467.71177,5.55955
3468.11171,5.17051
3468.51166,4.94871
3468.91161,4.72694
3469.31155,4.79655
3469.71150,5.12568
3470.11144,5.45483
3470.51139,5.83276
3470.91134,6.26382
3471.31128,6.69492
3471.71123,7.02818
3472.11117,7.23076
3472.51112,7.43336
3472.91107,7.61340
3473.31101,7.75996
3473.71096,7.90655
3474.11090,7.89039
3474.51085,7.57505
3474.91080,7.25972
3475.31074,6.86631
3475.71069,6.31214
3476.11063,5.75798
3476.51058,5.53785
3476.91053,6.19170
3477.31047,6.84557
3477.71042,7.45798
3478.11036,7.94668
3478.51031,8.43537
3478.91026,8.87119
3479.31020,9.09625
3479.71015,9.32135
3480.11009,9.42235
3480.51004,8.93928
3480.90999,8.45624
3481.30993,7.97740
3481.70988,7.52810
3482.10982,7.07882
3482.50977,6.65446
3482.90972,6.45550
3483.30966,6.25655
3483.70961,6.05689
3484.10955,5.84312
3484.50950,5.62936
3484.90945,5.41920
3485.30939,5.35744
3485.70934,5.29567
3486.10928,5.23380
3486.50923,5.32899
3486.90918,5.42435
3487.30912,5.51972
3487.70907,5.69144
3488.10901,5.86738
3488.50896,6.04334
3488.90891,6.41344
3489.30885,6.79991
3489.70880,7.18639
3490.10874,7.75441
3490.50869,8.34332
3490.90864,8.93224
3491.30858,9.11208
3491.70853,9.21780
3492.10847,9.32352
3492.50842,9.18841
3492.90837,9.00088
3493.30831,8.81335
3493.70826,8.56841
3494.10820,8.30872
3494.50815,8.04906
3494.90810,7.76032
3495.30804,7.46293
3495.70799,7.16553
3496.10793,6.86356
3496.50788,6.55981
3496.90783,6.25607
3497.30777,5.92202
3497.70772,5.57468
3498.10766,5.22734
3498.50761,4.97703
3498.90756,4.77474
3499.30750,4.57246
3499.70745,4.58344
3500.10739,4.71247
3500.50734,4.84149
3500.90729,4.88593
3501.30723,4.87813
3501.70718,4.87036
3502.10712,4.90128
3502.50707,4.95879
3502.90702,5.01632
3503.30696,5.13775
3503.70691,5.30790
3504.10685,5.47807
3504.50680,5.54806
3504.90675,5.53338
3505.30669,5.51874
3505.70664,5.54166
3506.10658,5.59969
3506.50653,5.65775
3506.90648,5.80087
3507.30642,6.03202
3507.70637,6.26322
3508.10631,6.56240
3508.50626,6.93953
3508.90621,7.31667
3509.30615,7.58405
3509.70610,7.71197
3510.10604,7.83992
3510.50599,7.90192
3510.90594,7.87098
3511.30588,7.84007
3511.70583,7.74330
3512.10577,7.54335
3512.50572,7.34343
3512.90567,7.12895
3513.30561,6.88907
3513.70556,6.64920
3514.10550,6.46458
3514.50545,6.38773
3514.90540,6.31092
3515.30534,6.27443
3515.70529,6.32632
3516.10523,6.37823
3516.50518,6.47997
3516.90513,6.70486
3517.30507,6.92977
3517.70502,7.19703
3518.10496,7.58324
3518.50491,7.96947
3518.90486,8.34439
3519.30480,8.68289
3519.70475,9.02142
3520.10469,9.35671
3520.50464,9.68159
3520.90459,10.00650
3521.30453,10.28148
3521.70448,10.37019
3522.10442,10.45892
3522.50437,10.50821
3522.90432,10.38483
3523.30426,10.26148
3523.70421,10.09646
3524.10415,9.71352
3524.50410,9.33060
3524.90405,8.84844
3525.30399,7.84564
3525.70394,6.84289
3526.10388,5.92773
3526.50383,5.57500
3526.90378,5.22230
3527.30372,4.89655
3527.70367,4.79034
3528.10361,4.68417
3528.50356,4.61045
3528.90351,4.80225
3529.30345,4.99409
3529.70340,5.18343
3530.10334,5.34531
3530.50329,5.50722
3530.90324,5.66631
3531.30318,5.77927
3531.70313,5.89228
3532.10307,5.98104
3532.50302,5.67374
3532.90297,5.36648
3533.30291,5.05605
3533.70286,4.65022
3534.10280,4.24444
3534.50275,3.85221
3534.90270,3.87135
3535.30264,3.89048
3535.70259,3.90963
3536.10253,4.23554
3536.50248,4.55947
3536.90243,4.88154
3537.30237,5.59767
3537.70232,6.30962
3538.10226,7.02154
3538.50221,7.20501
3538.90216,7.37806
3539.30210,7.55116
3539.70205,7.72062
3540.10199,7.89002
3540.50194,8.05945
3540.90189,8.28250
3541.30183,8.50810
3541.70178,8.73373
3542.10172,9.01902
3542.50167,9.30715
3542.90162,9.59532
3543.30156,9.30543
3543.70151,8.98770
3544.10145,8.66999
3544.50140,8.24118
3544.90135,7.80384
3545.30129,7.36652
3545.70124,6.97238
3546.10118,6.58160
3546.50113,6.19080
3546.90108,6.01257
3547.30102,5.85725
3547.70097,5.70194
3548.10091,6.12854
3548.50086,6.61809
3548.90081,7.10766
3549.30075,7.34592
3549.70070,7.55691
3550.10064,7.76792
3550.50059,7.53896
3550.90054,7.24809
3551.30048,6.95724
3551.70043,6.70245
3552.10037,6.45280
3552.50032,6.20317
3552.90027,6.15816
3553.30021,6.14216
3553.70016,6.12619
3554.10010,6.09859
3554.50005,6.06937
3554.90000,6.04016
3555.29994,6.23157
3555.69989,6.45454
3556.09983,6.67753
3556.49978,7.04163
3556.89973,7.43072
3557.29967,7.81982
3557.69962,8.08355
3558.09956,8.32502
3558.49951,8.56652
3558.89946,8.33097
3559.29940,8.01043
3559.69935,7.68993
3560.09929,7.57926
3560.49924,7.50613
3560.89919,7.43298
3561.29913,7.56362
3561.69908,7.73082
3562.09902,7.89802
3562.49897,8.18668
3562.89892,8.49719
3563.29886,8.80774
3563.69881,9.07372
3564.09875,9.33166
3564.49870,9.58964
3564.89865,9.61185
3565.29859,9.59140
3565.69854,9.57097
3566.09848,9.60499
3566.49843,9.64893
3566.89838,9.69288
3567.29832,9.73772
3567.69827,9.78275
3568.09821,9.82777
3568.49816,9.86745
3568.89811,9.90617
3569.29805,9.94490
3569.69800,10.00975
3570.09794,10.07943
3570.49789,10.14911
3570.89784,10.10916
3571.29778,10.04907
3571.69773,9.98898
3572.09767,9.88669
3572.49762,9.77663
3572.89757,9.66660
3573.29751,9.56511
3573.69746,9.46525
3574.09740,9.36539
3574.49735,9.26176
3574.89730,9.15744
3575.29724,9.05315
3575.69719,8.97186
3576.09713,8.89487
3576.49708,8.81787
3576.89703,8.71386
3577.29697,8.60480
3577.69692,8.49577
3578.09686,8.35300
3578.49681,8.20510
3578.89676,8.05723
3579.29670,8.01320
3579.69665,7.98514
3580.09659,7.95710
3580.49654,7.97524
3580.89649,8.00051
3581.29643,8.02583
3581.69638,7.99344
3582.09632,7.95213
3582.49627,7.91084
3582.89622,7.78757
3583.29616,7.65427
3583.69611,7.52098
3584.09605,7.28089
3584.49600,7.02766
3584.89595,6.77443
3585.29589,6.50304
3585.69584,6.22945
3586.09578,5.95586
3586.49573,5.79725
3586.89568,5.65296
3587.29562,5.50871
3587.69557,5.65430
3588.09551,5.82717
3588.49546,6.00008
3588.89541,6.42841
3589.29535,6.88089
3589.69530,7.33341
3590.09524,7.92725
3590.49519,8.53452
3590.89514,9.14182
3591.29508,9.52196
3591.69503,9.88705
3592.09497,10.25215
3592.49492,10.34952
3592.89487,10.42900
3593.29481,10.50852
3593.69476,10.41235
3594.09470,10.30929
3594.49465,10.20625
3594.89460,10.06094
3595.29454,9.91396
3595.69449,9.76701
3596.09443,9.67641
3596.49438,9.58663
3596.89433,9.49686
3597.29427,9.48967
3597.69422,9.48367
3598.09416,9.47797
3598.49411,9.49536
3598.89406,9.51279
3599.29400,9.53141
3599.69395,9.66837
3600.09389,9.80535
3600.49384,9.91927
3600.89379,9.38954
3601.29373,8.85985
3601.69368,8.27151
3602.09362,6.75095
3602.49357,5.23046
3602.89352,3.72298
3603.29346,2.42381
3603.69341,1.12465
3604.09335,0.00000
3604.49330,0.76732
3604.89325,1.53466
3605.29319,2.32259
3605.69314,3.33792
3606.09308,4.35327
3606.49303,5.32900
3606.89298,5.97604
3607.29292,6.62309
3607.69287,7.25888
3608.09281,7.82057
3608.49276,8.38226
3608.89271,8.90789
3609.29265,9.19576
3609.69260,9.48366
3610.09254,9.69421
3610.49249,9.48756
3610.89244,9.28091
3611.29238,9.03638
3611.69233,8.62032
3612.09227,8.20428
3612.49222,7.77345
3612.89217,7.28544
3613.29211,6.79745
3613.69206,6.29647
3614.09200,5.74516
3614.49195,5.19386
3614.89190,4.67173
3615.29184,4.24734
3615.69179,3.82298
3616.09173,3.45877
3616.49168,3.27091
3616.89163,3.08307
3617.29157,3.06575
3617.69152,3.48913
3618.09146,3.91252
3618.49141,4.34885
3618.89136,4.81479
3619.29130,5.28078
3619.69125,5.66725
3620.09119,5.89101
3620.49114,6.11480
3620.89109,6.35120
3621.29103,6.61080
3621.69098,6.87044
3622.09092,7.10425
3622.49087,7.29548
3622.89082,7.48672
3623.29076,7.57699
3623.69071,7.50035
3624.09065,7.42374
3624.49060,7.31884
3624.89055,7.17181
3625.29049,7.02481
3625.69044,7.00309
3626.09038,7.15007
3626.49033,7.29707
3626.89028,7.47021
3627.29022,7.67525
3627.69017,7.88032
3628.09011,8.07388
3628.49006,8.25475
3628.89001,8.43565
3629.28995,8.57470
3629.68990,8.67193
3630.08984,8.76916
3630.48979,8.76060
3630.88974,8.66532
3631.28968,8.57005
3631.68963,8.50287
3632.08957,8.45650
3632.48952,8.41016
3632.88947,8.37938
3633.28941,8.35902
3633.68936,8.33870
3634.08930,8.33543
3634.48925,8.34250
3634.88920,8.34956
3635.28914,8.39913
3635.68909,8.47178
3636.08903,8.54446
3636.48898,8.51663
3636.88893,8.43988
3637.28887,8.36315
3637.68882,8.27814
3638.08876,8.18951
3638.48871,8.10093
3638.88866,8.14117
3639.28860,8.22512
3639.68855,8.30910
3640.08849,8.31030
3640.48844,8.28700
3640.88839,8.26371
3641.28833,8.20081
3641.68828,8.12775
3642.08822,8.05472
3642.48817,8.00018
3642.88812,7.94972
3643.28806,7.89928
3643.68801,7.91895
3644.08795,7.94907
3644.48790,7.97925
3644.88785,8.12287
3645.28779,8.27987
3645.68774,8.43689
3646.08768,8.50998
3646.48763,8.57570
3646.88758,8.64146
3647.28752,8.56915
3647.68747,8.49245
3648.08741,8.41529
3648.48736,8.08228
3648.88731,7.74716
3649.28725,7.40363
3649.68720,6.60402
3650.08714,5.80447
3650.48709,5.02648
3650.88704,4.54551
3651.28698,4.06456
3651.68693,3.62267
3652.08687,3.56446
3652.48682,3.50625
3652.88677,3.49742
3653.28671,3.78706
3653.68666,4.07672
3654.08660,4.36449
3654.48655,4.64278
3654.88650,4.92108
3655.28644,5.25915
3655.68639,5.81394
3656.08633,6.36875
3656.48628,6.89616
3656.88623,7.33703
3657.28617,7.77792
3657.68612,7.99935
3658.08606,7.61309
3658.48601,7.22684
3658.88596,7.01122
3659.28590,7.16670
3659.68585,7.32220
3660.08579,7.40191
3660.48574,7.34943
3660.88569,7.29700
3661.28563,7.18437
3661.68558,6.97727
3662.08552,6.77020
3662.48547,6.99242
3662.88542,7.76381
3663.28536,8.53524
3663.68531,8.86613
3664.08525,8.68676
3664.48520,8.50742
3664.88515,8.29283
3665.28509,8.04475
3665.68504,7.79671
3666.08498,7.54136
3666.48493,7.28038
3666.88488,7.01941
3667.28482,6.83482
3667.68477,6.70396
3668.08471,6.57314
3668.48466,6.43102
3668.88461,6.28246
3669.28455,6.13390
3669.68450,5.96884
3670.08444,5.79626
3670.48439,5.62367
3670.88434,5.57236
3671.28428,5.56458
3671.68423,5.55680
3672.08417,5.65375
3672.48412,5.78365
3672.88407,5.91357
3673.28401,6.12964
3673.68396,6.36590
3674.08390,6.60220
3674.48385,6.94724
3674.88380,7.31005
3675.28374,7.67287
3675.68369,7.99268
3676.08363,8.30818
3676.48358,8.62372
3676.88353,8.69125
3677.28347,8.74819
3677.68342,8.80513
3678.08336,8.40554
3678.48331,7.99833
3678.88326,7.59180
3679.28320,7.20495
3679.68315,6.81812
3680.08309,6.45791
3680.48304,6.39230
3680.88299,6.32670
3681.28293,6.27482
3681.68288,6.31277
3682.08282,6.35075
3682.48277,6.38509
3682.88272,6.40309
3683.28266,6.42109
3683.68261,6.43096
3684.08255,6.41379
3684.48250,6.39664
3684.88245,6.36016
3685.28239,6.27428
3685.68234,6.18842
3686.08228,6.09102
3686.48223,5.97027
3686.88218,5.84956
3687.28212,5.72964
3687.68207,5.61099
3688.08201,5.49236
3688.48196,5.39299
3688.88191,5.31918
3689.28185,5.24538
3689.68180,5.23927
3690.08174,5.30661
3690.48169,5.37395
3690.88164,5.41330
3691.28158,5.42773
3691.68153,5.44218
3692.08147,5.49654
3692.48142,5.57998
3692.88137,5.66344
3693.28131,5.64967
3693.68126,5.58435
3694.08120,5.51906
3694.48115,5.45790
3694.88110,5.39850
3695.28104,5.33914
3695.68099,5.33640
3696.08093,5.35230
3696.48088,5.36822
3696.88083,5.27596
3697.28077,5.15702
3697.68072,5.03809
3698.08066,5.05642
3698.48061,5.09864
3698.88056,5.14088
3699.28050,5.34311
3699.68045,5.56288
3700.08039,5.78265
3700.48034,6.07011
3700.88029,6.35926
3701.28023,6.65130
3701.68018,7.05278
3702.08012,7.45427
3702.48007,7.85812
3702.88002,8.29073
3703.27996,8.72337
3703.67991,9.14076
3704.07985,9.45115
3704.47980,9.76156
3704.87975,10.04154
3705.27969,10.19936
3705.67964,10.35719
3706.07958,10.44844
3706.47953,10.33879
3706.87948,10.22917
3707.27942,10.06635
3707.67937,9.79234
3708.07931,9.51836
3708.47926,9.30943
3708.87921,9.20975
3709.27915,9.11009
3709.67910,9.02493
3710.07904,8.95950
3710.47899,8.89412
3710.87894,8.84040
3711.27888,8.79846
3711.67883,8.75653
3712.07877,8.74064
3712.47872,8.74632
3712.87867,8.75201
3713.27861,8.80876
3713.67856,8.89661
3714.07850,8.98449
3714.47845,9.11551
3714.87839,9.26765
3715.27834,9.41983
3715.67829,9.55186
3716.07823,9.67704
3716.47818,9.80224
3716.87812,10.15282
3717.27807,10.56138
3717.67802,10.96996
3718.07796,11.40266
3718.47791,11.83980
3718.87785,12.27695
3719.27780,12.57067
3719.67775,12.85186
3720.07769,13.13470
3720.47764,13.30553
3720.87758,13.47738
3721.27753,13.63802
3721.67748,13.55370
3722.07742,13.46941
3722.47737,13.39073
3722.87731,13.35358
3723.27726,13.31645
3723.67721,13.26843
3724.07715,13.16639
3724.47710,13.06437
3724.87704,12.91833
3725.27699,12.63483
3725.67694,12.35136
3726.07688,11.80153
3726.47683,10.67847
3726.87677,9.55543
3727.27672,8.35265
3727.67667,7.01224
3728.07661,5.67187
3728.47656,4.99981
3728.87650,5.17335
3729.27645,5.34692
3729.67640,5.75735
3730.07634,6.38994
3730.47629,7.02253
3730.87623,7.37718
3731.27618,7.53922
3731.67613,7.70128
3732.07607,7.98176
3732.47602,8.32878
3732.87596,8.67580
3733.27591,8.97729
3733.67586,9.26062
3734.07580,9.54397
3734.47575,9.76590
3734.87569,9.97150
3735.27564,10.17709
3735.67559,10.29830
3736.07553,10.40623
3736.47548,10.51421
3736.87542,10.51131
3737.27537,10.50122
3737.67532,10.48898
3738.07526,10.31705
3738.47521,10.14515
3738.87515,9.96399
3739.27510,9.64484
3739.67505,9.32568
3740.07499,8.98432
3740.47494,8.50341
3740.87488,8.02254
3741.27483,7.54884
3741.67478,7.10175
3742.07472,6.65467
3742.47467,6.32015
3742.87461,6.26563
3743.27456,6.21114
3743.67451,6.17387
3744.07445,6.16698
3744.47440,6.16014
3744.87434,6.23957
3745.27429,6.43063
3745.67424,6.62173
3746.07418,6.90456
3746.47413,7.27536
3746.87407,7.64617
3747.27402,7.87840
3747.67397,8.01237
3748.07391,8.14635
3748.47386,8.28653
3748.87380,8.42992
3749.27375,8.57333
3749.67370,8.69810
3750.07364,8.81613
3750.47359,8.93421
3750.87353,9.00572
3751.27348,9.06627
3751.67343,9.12681
3752.07337,9.13476
3752.47332,9.13578
3752.87326,9.13681
3753.27321,9.10024
3753.67316,9.06301
3754.07310,9.01952
3754.47305,8.87312
3754.87299,8.72676
3755.27294,8.56136
3755.67289,8.27122
3756.07283,7.98110
3756.47278,7.67794
3756.87272,7.32475
3757.27267,6.97157
3757.67262,6.61866
3758.07256,6.26637
3758.47251,5.91412
3758.87245,5.61214
3759.27240,5.39176
3759.67235,5.17139
3760.07229,5.04673
3760.47224,5.03631
3760.87218,5.02589
3761.27213,5.26550
3761.67208,5.72643
3762.07202,6.18741
3762.47197,6.84589
3762.87191,7.63333
3763.27186,8.42081
3763.67181,8.74261
3764.07175,8.86923
3764.47170,8.99586
3764.87164,8.76162
3765.27159,8.42513
3765.67154,8.08867
3766.07148,7.68652
3766.47143,7.27311
3766.87137,6.85973
3767.27132,6.72539
3767.67127,6.60471
3768.07121,6.58106
3768.47116,7.00527
3768.87110,7.42951
3769.27105,7.87109
3769.67100,8.36391
3770.07094,8.85674
3770.47089,9.06230
3770.87083,8.67735
3771.27078,8.29240
3771.67073,7.97114
3772.07067,7.74460
3772.47062,7.51809
3772.87056,7.39778
3773.27051,7.39420
3773.67046,7.39062
3774.07040,7.56000
3774.47035,7.87030
3774.87029,8.18062
3775.27024,8.39118
3775.67019,8.54207
3776.07013,8.69298
3776.47008,8.81982
3776.87002,8.93639
3777.26997,9.05296
3777.66992,8.90658
3778.06986,8.68383
3778.46981,8.46107
3778.86975,7.99405
3779.26970,7.49196
3779.66965,6.98991
3780.06959,6.54233
3780.46954,6.09769
3780.86948,5.66173
3781.26943,5.58147
3781.66938,5.50123
3782.06932,5.42281
3782.46927,5.36118
3782.86921,5.29956
3783.26916,5.26914
3783.66911,5.36510
3784.06905,5.46107
3784.46900,5.59290
3784.86894,5.82039
3785.26889,6.04790
3785.66884,6.25301
3786.06878,6.41600
3786.46873,6.57900
3786.86867,6.31006
3787.26862,5.50618
3787.66857,4.70232
3788.06851,4.19252
3788.46846,3.95268
3788.86840,3.71288
3789.26835,3.69086
3789.66830,3.81650
3790.06824,3.94218
3790.46819,4.29747
3790.86813,4.75328
3791.26808,5.20910
3791.66803,5.78994
3792.06797,6.40807
3792.46792,7.02623
3792.86786,6.94415
3793.26781,6.75721
3793.66776,6.57031
3794.06770,6.72197
3794.46765,6.89362
3794.86759,7.06667
3795.26754,7.27067
3795.66749,7.47468
3796.06743,7.68281
3796.46738,7.92149
3796.86732,8.16017
3797.26727,8.38233
3797.66722,8.53531
3798.06716,8.68832
3798.46711,8.74663
3798.86705,8.57616
3799.26700,8.40572
3799.66695,8.14980
3800.06689,7.76156
3800.46684,7.37333
3800.86678,6.88097
3801.26673,6.26973
3801.66668,5.65854
3802.06662,4.89874
3802.46657,4.02530
3802.86651,3.15189
3803.26646,2.40827
3803.66641,1.73727
3804.06635,1.06629
3804.46630,0.86953
3804.86624,0.83865
3805.26619,0.80779
3805.66614,1.08846
3806.06608,1.42831
3806.46603,1.76816
3806.86597,2.23550
3807.26592,2.71471
3807.66587,3.19154
3808.06581,3.50907
3808.46576,3.82662
3808.86570,4.13907
3809.26565,4.41179
3809.66560,4.68453
3810.06554,4.94640
3810.46549,5.16149
3810.86543,5.37663
3811.26538,5.56786
3811.66533,5.70010
3812.06527,5.83237
3812.46522,5.95148
3812.86516,6.04987
3813.26511,6.14826
3813.66506,6.18112
3814.06500,6.14516
3814.46495,6.10921
3814.86489,6.16543
3815.26484,6.29341
3815.66479,6.42139
3816.06473,6.58884
3816.46468,6.77644
3816.86462,6.96408
3817.26457,6.88236
3817.66452,6.71632
3818.06446,6.55028
3818.46441,6.28926
3818.86435,6.01293
3819.26430,5.73664
3819.66425,5.21162
3820.06419,4.67646
3820.46414,4.15956
3820.86408,3.92671
3821.26403,3.69388
3821.66398,3.50896
3822.06392,3.57557
3822.46387,3.64221
3822.86381,3.74494
3823.26376,3.95061
3823.66371,4.15629
3824.06365,4.44074
3824.46360,4.88205
3824.86354,5.32338
3825.26349,5.45256
3825.66344,5.21349
3826.06338,4.97445
3826.46333,4.56876
3826.86327,4.03131
3827.26322,3.49388
3827.66317,3.14970
3828.06311,2.90599
3828.46306,2.66230
3828.86300,2.69574
3829.26295,2.81787
3829.66290,2.94001
3830.06284,3.27423
3830.46279,3.64380
3830.86273,4.01337
3831.26268,4.22193
3831.66263,4.42323
3832.06257,4.60728
3832.46252,4.50301
3832.86246,4.39875
3833.26241,4.27301
3833.66236,4.03105
3834.06230,3.78911
3834.46225,3.55917
3834.86219,3.36411
3835.26214,3.16909
3835.66209,3.10217
3836.06203,3.26778
3836.46198,3.43343
3836.86192,3.61185
3837.26187,3.80563
3837.66182,3.99941
3838.06176,4.07275
3838.46171,4.04931
3838.86165,4.02587
3839.26160,4.06562
3839.66155,4.13526
3840.06149,4.20490
3840.46144,4.28163
3840.86138,4.36038
3841.26133,4.43916
3841.66128,4.42513
3842.06122,4.39826
3842.46117,4.37141
3842.86111,4.43676
3843.26106,4.50420
3843.66101,4.55962
3844.06095,4.50961
3844.46090,4.45963
3844.86084,4.36343
3845.26079,4.08475
3845.66074,3.80610
3846.06068,3.54338
3846.46063,3.31755
3846.86057,3.09175
3847.26052,3.02184
3847.66047,3.16167
3848.06041,3.30152
3848.46036,3.52721
3848.86030,3.83024
3849.26025,4.13329
3849.66020,4.54403
3850.06014,5.01922
3850.46009,5.49443
3850.86003,5.86726
3851.25998,6.20598
3851.65993,6.54472
3852.05987,6.83253
3852.45982,7.11134
3852.85976,7.39017
3853.25971,7.57507
3853.65966,7.75752
3854.05960,7.93610
3854.45955,8.06573
3854.85949,8.19538
3855.25944,8.21400
3855.65939,7.70402
3856.05933,7.19407
3856.45928,6.67766
3856.85922,6.14602
3857.25917,5.61440
3857.65912,5.15207
3858.05906,4.79461
3858.45901,4.43717
3858.85895,4.25125
3859.25890,4.22211
3859.65885,4.19300
3860.05879,4.49504
3860.45874,4.97771
3860.85868,5.46040
3861.25863,5.73107
3861.65858,5.92979
3862.05852,6.12857
3862.45847,6.32073
3862.85841,6.51193
3863.25836,6.70315
3863.65831,6.77913
3864.05825,6.85168
3864.45820,6.87917
3864.85814,6.47984
3865.25809,6.08055
3865.65804,5.65274
3866.05798,5.12392
3866.45793,4.59512
3866.85787,4.10631
3867.25782,3.70258
3867.65777,3.29887
3868.05771,2.99471
3868.45766,2.81502
3868.85760,2.63533
3869.25755,2.88806
3869.65750,3.46838
3870.05744,4.04873
3870.45739,4.31591
3870.85733,4.42784
3871.25728,4.53978
3871.65723,4.58984
3872.05717,4.62379
3872.45712,4.65775
3872.85706,4.59858
3873.25701,4.53109
3873.65696,4.46275
3874.05690,4.37469
3874.45685,4.28667
3874.85679,4.19746
3875.25674,4.10104
3875.65669,4.00462
3876.05663,3.91633
3876.45658,3.85036
3876.85652,3.78441
3877.25647,3.74834
3877.65642,3.75880
3878.05636,3.76927
3878.45631,3.87458
3878.85625,4.06888
3879.25620,4.26321
3879.65615,4.44406
3880.05609,4.61736
3880.45604,4.79068
3880.85598,4.74654
3881.25593,4.63566
3881.65588,4.52479
3882.05582,4.28613
3882.45577,4.03164
3882.85571,3.77717
3883.25566,3.83060
3883.65561,3.88739
3884.05555,3.95229
3884.45550,4.08016
3884.85544,4.20806
3885.25539,4.29718
3885.65534,4.26249
3886.05528,4.22782
3886.45523,4.08766
3886.85517,3.76239
3887.25512,3.43718
3887.65507,3.17837
3888.05501,2.98927
3888.45496,2.80019
3888.85490,2.62947
3889.25485,2.47039
3889.65480,2.31131
3890.05474,2.21896
3890.45469,2.15042
3890.85463,2.08189
3891.25458,2.23933
3891.65453,2.43312
3892.05447,2.62692
3892.45442,2.94008
3892.85436,3.25494
3893.25431,3.53201
3893.65426,3.50559
3894.05420,3.47917
3894.45415,3.41001
3894.85409,3.21938
3895.25404,3.02876
3895.65399,2.79041
3896.05393,2.47588
3896.45388,2.16136
3896.85382,1.86476
3897.25377,1.58541
3897.65372,1.30608
3898.05366,1.27595
3898.45361,1.38954
3898.85355,1.50315
3899.25350,1.79895
3899.65345,2.15267
3900.05339,2.50640
3900.45334,2.72057
3900.85328,2.91631
3901.25323,3.11696
3901.65318,3.46013
3902.05312,3.80331
3902.45307,4.14418
3902.85301,4.47250
3903.25296,4.80083
3903.65291,5.08401
3904.05285,5.25240
3904.45280,5.42081
3904.85274,5.53684
3905.25269,5.58398
3905.65264,5.63114
3906.05258,5.67268
3906.45253,5.70972
3906.85247,5.74679
3907.25242,5.70660
3907.65237,5.63025
3908.05231,5.55393
3908.45226,5.51006
3908.85220,5.47406
3909.25215,5.43807
3909.65210,5.50881
3910.05204,5.58455
3910.45199,5.62392
3910.85193,5.24432
3911.25188,4.86475
3911.65183,4.54213
3912.05177,4.41055
3912.45172,4.27901
3912.85166,4.53588
3913.25161,5.50092
3913.65156,6.46597
3914.05150,6.96146
3914.45145,6.94582
3914.85139,6.93019
3915.25134,6.93541
3915.65129,6.95296
3916.05123,6.97054
3916.45118,6.95634
3916.85112,6.93172
3917.25107,6.90713
3917.65102,7.02672
3918.05096,7.16185
3918.45091,7.29552
3918.85085,7.37541
3919.25080,7.45532
3919.65075,7.48296
3920.05069,7.26742
3920.45064,7.05187
3920.85058,6.79431
3921.25053,6.43938
3921.65048,6.08448
3922.05042,5.71210
3922.45037,5.31842
3922.85031,4.92480
3923.25026,4.50205
3923.65021,4.05997
3924.05015,3.61792
3924.45010,3.19739
3924.85004,2.78500
3925.24999,2.37263
3925.64994,2.27846
3926.04988,2.22976
3926.44983,2.18106
3926.84977,2.36093
3927.24972,2.54091
3927.64967,2.76842
3928.04961,3.26712
3928.44956,3.76583
3928.84950,4.28198
3929.24945,4.83904
3929.64940,5.39613
3930.04934,5.76727
3930.44929,5.90968
3930.84923,6.05212
3931.24918,5.82664
3931.64913,5.32705
3932.04907,4.82748
3932.44902,4.26572
3932.84896,3.68013
3933.24891,3.09454
3933.64886,3.33682
3934.04880,3.70035
3934.44875,4.06182
3934.84869,4.33101
3935.24864,4.60022
3935.64859,4.81779
3936.04853,4.73437
3936.44848,4.65098
3936.84842,4.62659
3937.24837,4.74242
3937.64832,4.85825
3938.04826,5.02802
3938.44821,5.26489
3938.84815,5.50179
3939.24810,5.73057
3939.64805,5.95385
3940.04799,6.17716
3940.44794,6.28652
3940.84788,6.35691
3941.24783,6.42731
3941.64778,6.30606
3942.04772,6.16221
3942.44767,6.01662
3942.84761,5.78057
3943.24756,5.54456
3943.64751,5.33494
3944.04745,5.25533
3944.44740,5.17571
3944.84734,5.15954
3945.24729,5.27911
3945.64724,5.39868
3946.04718,5.48517
3946.44713,5.53403
3946.84707,5.58290
3947.24702,5.60778
3947.64697,5.61778
3948.04691,5.62783
3948.44686,5.61810
3948.84680,5.60237
3949.24675,5.58667
3949.64670,5.59794
3950.04664,5.61169
3950.44659,5.61727
3950.84653,5.50819
3951.24648,5.39913
3951.64643,5.26330
3952.04637,5.03024
3952.44632,4.79721
3952.84626,4.62964
3953.24621,4.57554
3953.64616,4.52146
3954.04610,4.62740
3954.44605,4.88383
3954.84599,5.14027
3955.24594,5.37001
3955.64589,5.58779
3956.04583,5.80557
3956.44578,5.84840
3956.84572,5.85779
3957.24567,5.86721
3957.64562,5.79252
3958.04556,5.71694
3958.44551,5.62931
3958.84545,5.46679
3959.24540,5.30428
3959.64535,5.09340
3960.04529,4.76306
3960.44524,4.43275
3960.84518,4.28691
3961.24513,4.37773
3961.64508,4.46859
3962.04502,4.59876
3962.44497,4.75381
3962.84491,4.90890
3963.24486,5.10550
3963.64481,5.31509
3964.04475,5.52471
3964.44470,5.74870
3964.84464,5.97411
3965.24459,6.19678
3965.64454,6.37784
3966.04448,6.55891
3966.44443,6.69093
3966.84437,6.66421
3967.24432,6.63751
3967.64427,6.51002
3968.04421,6.22198
3968.44416,5.93399
3968.84410,5.33837
3969.24405,4.47577
3969.64400,3.61320
3970.04394,3.81865
3970.44389,4.46046
3970.84383,5.10231
3971.24378,5.33047
3971.64373,5.49107
3972.04367,5.65648
3972.44362,5.95738
3972.84356,6.25832
3973.24351,6.50846
3973.64346,6.53307
3974.04340,6.55772
3974.44335,6.54253
3974.84329,6.44770
3975.24324,6.35291
3975.64319,6.17562
3976.04313,5.91845
3976.44308,5.66132
3976.84302,5.41059
3977.24297,5.16323
3977.64292,4.91588
3978.04286,4.75468
3978.44281,4.61085
3978.84275,4.46704
3979.24270,4.40547
3979.64265,4.34546
3980.04259,4.30303
3980.44254,4.35529
3980.84248,4.40759
3981.24243,4.55102
3981.64238,4.90099
3982.04232,5.25097
3982.44227,5.60272
3982.84221,5.95635
3983.24216,6.31003
3983.64211,6.64487
3984.04205,6.96869
3984.44200,7.29253
3984.84194,7.35698
3985.24189,7.35861
3985.64184,7.36024
3986.04178,6.38784
3986.44173,5.39519
3986.84167,4.56798
3987.24162,4.85577
3987.64157,5.14359
3988.04151,5.31599
3988.44146,5.22390
3988.84140,5.13183
3989.24135,4.97503
3989.64130,4.74767
3990.04124,4.52032
3990.44119,4.36837
3990.84113,4.26108
3991.24108,4.15379
3991.64103,4.26545
3992.04097,4.43095
3992.44092,4.59646
3992.84086,4.91623
3993.24081,5.23961
3993.64076,5.55246
3994.04070,5.80643
3994.44065,6.06044
3994.84059,6.30849
3995.24054,6.54279
3995.64049,6.77708
3996.04043,6.63083
3996.44038,6.06591
3996.84032,5.50102
3997.24027,4.11040
3997.64022,2.27669
3998.04016,0.44299
3998.44011,0.00000
3998.84005,-0.00002
3999.24000,0.00000
